inscription_id,sign_sequence,site,object_type,line_count,damaged,reading_direction,motif,mean_uncertainty
1001.1,MSg0 MSg67 MSg72 MSg8 MSg342,unknown,unknown,1,False,R-L,unknown,0.0
1001.2,MSg393,unknown,unknown,1,False,R-L,unknown,0.0
1002.0,MSg373 MSg244 MSg0,unknown,unknown,1,False,R-L,unknown,33.33
1003.0,MSg086 MSg55 MSg267 MSg99 MSg121 MSg72 MSg336 MSg89 MSg211,unknown,unknown,1,False,R-L,unknown,11.11
1004.0,MSg59 MSg127 MSg245 MSg343 MSg75 MSg245 MSg245,unknown,unknown,1,False,R-L,unknown,0.0
1005.0,MSg296 MSg342,unknown,unknown,1,False,R-L,unknown,0.0
1006.0,MSg233 MSg81 MSg99 MSg389 MSg65 MSg336 MSg89 MSg87 MSg155 MSg124 MSg169,unknown,unknown,1,False,R-L,unknown,0.0
1007.0,MSg109 MSg162,unknown,unknown,1,False,R-L,unknown,50.0
1008.0,MSg76 MSg402 MSg87 MSg59 MSg67 MSg336 MSg89 MSg211,unknown,unknown,1,False,R-L,unknown,0.0
1010.0,MSg391 MSg99 MSg48 MSg171 MSg8 MSg342,unknown,unknown,1,False,R-L,unknown,0.0
1011.0,MSg267 MSg99 MSg67 MSg296 MSg9 MSg342 MSg17 MSg407 MSg169,unknown,unknown,1,False,R-L,unknown,0.0
1012.1,MSg150 MSg123 MSg51 MSg130 MSg149 MSg342 MSg150 MSg123 MSg387 MSg342,unknown,unknown,1,False,R-L,unknown,0.0
1012.2,MSg28 MSg400 MSg404,unknown,unknown,1,False,R-L,unknown,0.0
1013.0,MSg51 MSg130 MSg149 MSg342,unknown,unknown,1,False,R-L,unknown,0.0
1014.0,MSg267 MSg99 MSg87 MSg59 MSg67 MSg194 MSg342,unknown,unknown,1,False,R-L,unknown,0.0
1015.0,MSg197 MSg28 MSg54,unknown,unknown,1,False,R-L,unknown,0.0
1016.1,MSg245 MSg245 MSg345 MSg65 MSg158 MSg169,unknown,unknown,1,False,R-L,unknown,16.67
1016.2,MSg393,unknown,unknown,1,False,R-L,unknown,0.0
1017.0,MSg221 MSg127 MSg345 MSg53 MSg171 MSg59 MSg397 MSg0,unknown,unknown,1,False,R-L,unknown,12.5
1018.10,MSg336,unknown,unknown,1,False,R-L,unknown,0.0
1018.20,MSg17 MSg336 MSg189 MSg252,unknown,unknown,1,False,R-L,unknown,0.0
1019.0,MSg267 MSg99 MSg104 MSg59 MSg211,unknown,unknown,1,False,R-L,unknown,0.0
1020.0,MSg175 MSg230 MSg343 MSg336 MSg0 MSg194 MSg48 MSg342,unknown,unknown,1,False,R-L,unknown,0.0
1021.0,MSg293 MSg123 MSg345 MSg65 MSg67 MSg51 MSg130 MSg149 MSg342,unknown,unknown,1,False,R-L,unknown,0.0
1022.0,MSg267 MSg99 MSg204 MSg367 MSg342,unknown,unknown,1,False,R-L,unknown,0.0
1023.0,MSg267 MSg099 MSg53 MSg87 MSg59 MSg48 MSg294 MSg342,unknown,unknown,1,False,R-L,unknown,25.0
1024.0,MSg293 MSg123 MSg343 MSg72 MSg65 MSg8 MSg342,unknown,unknown,1,False,R-L,unknown,0.0
1025.0,MSg112 MSg169,unknown,unknown,1,False,R-L,unknown,0.0
1026.0,MSg87 MSg197 MSg87 MSg99 MSg336 MSg347 MSg342,unknown,unknown,1,False,R-L,unknown,0.0
1027.0,MSg0 MSg216 MSg123 MSg51 MSg130 MSg342 MSg48 MSg342,unknown,unknown,1,False,R-L,unknown,25.0
1028.0,MSg86 MSg381 MSg99 MSg48 MSg8 MSg342,unknown,unknown,1,False,R-L,unknown,0.0
1029.0,MSg293 MSg123 MSg344 MSg102 MSg402,unknown,unknown,1,False,R-L,unknown,0.0
1030.0,MSg336 MSg89 MSg211 MSg97 MSg86 MSg15,unknown,unknown,1,False,R-L,unknown,0.0
1031.0,MSg238 MSg267 MSg99 MSg104 MSg169,unknown,unknown,1,False,R-L,unknown,20.0
1032.0,MSg267 MSg99 MSg153 MSg153 MSg171 MSg59 MSg211,unknown,unknown,1,False,R-L,unknown,0.0
1033.0,MSg223 MSg149 MSg180 MSg99 MSg72 MSg219 MSg342,unknown,unknown,1,False,R-L,unknown,0.0
1034.0,MSg0 MSg244 MSg342,unknown,unknown,1,False,R-L,unknown,0.0
1035.0,MSg219 MSg381 MSg99 MSg109 MSg162,unknown,unknown,1,False,R-L,unknown,0.0
1036.0,MSg76 MSg402 MSg68 MSg287 MSg267,unknown,unknown,1,False,R-L,unknown,0.0
1037.0,MSg409 MSg96 MSg19 MSg391,unknown,unknown,1,False,R-L,unknown,0.0
1038.0,MSg244 MSg17 MSg336,unknown,unknown,1,False,R-L,unknown,0.0
1039.0,MSg267 MSg99 MSg100 MSg155 MSg102 MSg0,unknown,unknown,1,False,R-L,unknown,16.67
1040.0,MSg65 MSg249 MSg169 MSg342,unknown,unknown,1,False,R-L,unknown,0.0
1041.0,MSg293 MSg123 MSg343 MSg102 MSg59 MSg211,unknown,unknown,1,False,R-L,unknown,0.0
1042.0,MSg34 MSg99 MSg72 MSg325 MSg296 MSg87 MSg342,unknown,unknown,1,False,R-L,unknown,0.0
1043.0,MSg27 MSg297 MSg12,unknown,unknown,1,False,R-L,unknown,0.0
1044.0,MSg65 MSg53 MSg342,unknown,unknown,1,False,R-L,unknown,0.0
1045.0,MSg387 MSg14,unknown,unknown,1,False,R-L,unknown,0.0
1046.0,MSg311 MSg211 MSg176,unknown,unknown,1,False,R-L,unknown,0.0
1047.0,MSg54 MSg237 MSg175 MSg180 MSg99 MSg87 MSg59 MSg67 MSg216 MSg0,unknown,unknown,1,False,R-L,unknown,0.0
1048.0,MSg150 MSg162 MSg100 MSg87 MSg60,unknown,unknown,1,False,R-L,unknown,0.0
1049.0,MSg387 MSg206 MSg252 MSg99 MSg67 MSg375 MSg51 MSg155 MSg347 MSg342,unknown,unknown,1,False,R-L,unknown,0.0
1050.0,MSg409 MSg96 MSg19 MSg99 MSg171 MSg8 MSg342,unknown,unknown,1,False,R-L,unknown,0.0
1051.0,MSg106 MSg178 MSg254 MSg99 MSg163,unknown,unknown,1,False,R-L,unknown,0.0
1052.1,MSg175 MSg181 MSg400 MSg99 MSg65 MSg249 MSg162,unknown,unknown,1,False,R-L,unknown,14.29
1052.2,MSg342,unknown,unknown,1,False,R-L,unknown,0.0
1053.0,MSg67 MSg72 MSg342 MSg139,unknown,unknown,1,False,R-L,unknown,0.0
1054.0,MSg253 MSg230 MSg89 MSg89 MSg267 MSg99 MSg106 MSg169,unknown,unknown,1,False,R-L,unknown,0.0
1055.0,MSg86 MSg397 MSg169,unknown,unknown,1,False,R-L,unknown,0.0
1056.0,MSg249 MSg336 MSg75 MSg245 MSg245,unknown,unknown,1,False,R-L,unknown,0.0
1057.0,MSg267 MSg99 MSg65 MSg342 MSg139,unknown,unknown,1,False,R-L,unknown,20.0
1058.0,MSg400 MSg396 MSg169 MSg99 MSg48 MSg193 MSg342,unknown,unknown,1,False,R-L,unknown,0.0
1059.0,MSg284 MSg99 MSg009 MSg0,unknown,unknown,1,False,R-L,unknown,25.0
1060.0,MSg54 MSg28 MSg162 MSg100 MSg65 MSg347 MSg342,unknown,unknown,1,False,R-L,unknown,0.0
1061.0,MSg391 MSg98 MSg336 MSg162,unknown,unknown,1,False,R-L,unknown,0.0
1065.0,MSg87 MSg28 MSg257 MSg99 MSg67 MSg70 MSg336 MSg89 MSg211,unknown,unknown,1,False,R-L,unknown,0.0
1066.0,MSg210 MSg86 MSg99 MSg389 MSg60 MSg204 MSg108 MSg358 MSg342,unknown,unknown,1,False,R-L,unknown,0.0
1067.0,MSg397 MSg51 MSg267 MSg402 MSg98,unknown,unknown,1,False,R-L,unknown,0.0
1068.0,MSg171 MSg59 MSg336 MSg89 MSg211,unknown,unknown,1,False,R-L,unknown,0.0
1069.0,MSg28 MSg180 MSg402,unknown,unknown,1,False,R-L,unknown,0.0
1070.0,MSg345 MSg28 MSg176,unknown,unknown,1,False,R-L,unknown,0.0
1071.0,MSg261 MSg371 MSg59 MSg97 MSg114 MSg169,unknown,unknown,1,False,R-L,unknown,0.0
1072.0,MSg215 MSg298 MSg9 MSg342 MSg1,unknown,unknown,1,False,R-L,unknown,0.0
1073.0,MSg104 MSg0,unknown,unknown,1,False,R-L,unknown,50.0
1074.0,MSg391 MSg99 MSg289 MSg342,unknown,unknown,1,False,R-L,unknown,0.0
1075.0,MSg72 MSg327 MSg254,unknown,unknown,1,False,R-L,unknown,0.0
1076.0,MSg391 MSg99 MSg104 MSg162,unknown,unknown,1,False,R-L,unknown,0.0
1077.0,MSg89 MSg381 MSg307 MSg81 MSg99 MSg067 MSg403 MSg87 MSg342,unknown,unknown,1,False,R-L,unknown,11.11
1078.0,MSg267 MSg99 MSg124 MSg25 MSg342,unknown,unknown,1,False,R-L,unknown,0.0
1079.0,MSg391 MSg99 MSg87 MSg59 MSg67 MSg121 MSg14,unknown,unknown,1,False,R-L,unknown,0.0
1080.0,MSg267 MSg99 MSg387 MSg67 MSg406 MSg162,unknown,unknown,1,False,R-L,unknown,0.0
1081.0,MSg087 MSg249 MSg162 MSg343 MSg87 MSg59 MSg127 MSg342,unknown,unknown,1,False,R-L,unknown,12.5
1082.0,MSg267 MSg99 MSg87 MSg59 MSg296 MSg342 MSg087,unknown,unknown,1,False,R-L,unknown,14.29
1083.0,MSg54 MSg54 MSg342,unknown,unknown,1,False,R-L,unknown,0.0
1084.0,MSg1 MSg1 MSg379 MSg194,unknown,unknown,1,False,R-L,unknown,0.0
1085.0,MSg267 MSg99 MSg0,unknown,unknown,1,False,R-L,unknown,0.0
1086.0,MSg267 MSg99 MSg124 MSg342,unknown,unknown,1,False,R-L,unknown,0.0
1087.0,MSg87 MSg244 MSg28 MSg162 MSg99 MSg65 MSg67 MSg87 MSg59 MSg51 MSg130 MSg149 MSg342,unknown,unknown,1,False,R-L,unknown,0.0
1088.0,MSg391 MSg99 MSg387 MSg67 MSg59 MSg211,unknown,unknown,1,False,R-L,unknown,0.0
1089.0,MSg0 MSg059 MSg192 MSg347 MSg342,unknown,unknown,1,False,R-L,unknown,20.0
1090.0,MSg197 MSg336 MSg342 MSg205 MSg060,unknown,unknown,1,False,R-L,unknown,20.0
1091.0,MSg267 MSg99 MSg102 MSg162,unknown,unknown,1,False,R-L,unknown,0.0
1092.0,MSg28 MSg162 MSg343 MSg106 MSg287 MSg342,unknown,unknown,1,False,R-L,unknown,0.0
1093.1,MSg67,unknown,unknown,1,False,R-L,unknown,0.0
1093.2,MSg342 MSg82 MSg342,unknown,unknown,1,False,R-L,unknown,0.0
1093.3,MSg347 MSg342,unknown,unknown,1,False,R-L,unknown,0.0
1094.0,MSg267 MSg99 MSg171 MSg59 MSg336 MSg89 MSg211,unknown,unknown,1,False,R-L,unknown,0.0
1095.0,MSg150 MSg123 MSg70 MSg389 MSg342,unknown,unknown,1,False,R-L,unknown,0.0
1096.0,MSg267 MSg99 MSg67 MSg216 MSg254,unknown,unknown,1,False,R-L,unknown,0.0
1097.0,MSg086 MSg267 MSg99 MSg67 MSg348 MSg342,unknown,unknown,1,False,R-L,unknown,16.67
1098.0,MSg267 MSg99 MSg65 MSg347 MSg342,unknown,unknown,1,False,R-L,unknown,0.0
1099.1,MSg050 MSg403 MSg343 MSg194 MSg8 MSg342,unknown,unknown,1,False,R-L,unknown,16.67
1099.2,MSg266,unknown,unknown,1,False,R-L,unknown,0.0
1100.0,MSg150 MSg123 MSg293 MSg51 MSg342,unknown,unknown,1,False,R-L,unknown,0.0
1101.1,MSg17 MSg51 MSg245 MSg245,unknown,unknown,1,False,R-L,unknown,0.0
1101.2,MSg186 MSg149,unknown,unknown,1,False,R-L,unknown,0.0
1102.0,MSg133 MSg150,unknown,unknown,1,False,R-L,unknown,0.0
1103.0,MSg267 MSg402 MSg59 MSg211,unknown,unknown,1,False,R-L,unknown,0.0
1104.0,MSg267 MSg99 MSg387 MSg72 MSg336 MSg89 MSg348 MSg342,unknown,unknown,1,False,R-L,unknown,0.0
1105.0,MSg391 MSg99 MSg121 MSg389 MSg59 MSg336 MSg89 MSg211,unknown,unknown,1,False,R-L,unknown,0.0
1106.0,MSg150 MSg123 MSg86 MSg343 MSg319,unknown,unknown,1,False,R-L,unknown,0.0
1107.0,MSg47 MSg343 MSg72 MSg53 MSg342,unknown,unknown,1,False,R-L,unknown,0.0
1108.0,MSg293 MSg402 MSg97 MSg67 MSg349 MSg342,unknown,unknown,1,False,R-L,unknown,0.0
1109.0,MSg391 MSg97 MSg65 MSg67 MSg342 MSg1,unknown,unknown,1,False,R-L,unknown,0.0
1110.0,MSg391 MSg216 MSg53 MSg125 MSg59 MSg391 MSg176 MSg176,unknown,unknown,1,False,R-L,unknown,0.0
1111.0,MSg0 MSg387 MSg17 MSg261 MSg139,unknown,unknown,1,False,R-L,unknown,0.0
1112.1,MSg0 MSg059 MSg342 MSg1,unknown,unknown,1,False,R-L,unknown,25.0
1112.2,MSg0 MSg336 MSg275,unknown,unknown,1,False,R-L,unknown,33.33
1113.0,MSg94 MSg123 MSg124 MSg112 MSg197 MSg342,unknown,unknown,1,False,R-L,unknown,0.0
1114.0,MSg391 MSg99 MSg87 MSg59 MSg296 MSg342,unknown,unknown,1,False,R-L,unknown,0.0
1115.0,MSg267 MSg99 MSg336 MSg51 MSg342 MSg1,unknown,unknown,1,False,R-L,unknown,0.0
1116.0,MSg102 MSg17 MSg8 MSg342 MSg176,unknown,unknown,1,False,R-L,unknown,0.0
1117.0,MSg173 MSg59 MSg2 MSg12,unknown,unknown,1,False,R-L,unknown,0.0
1118.0,MSg286 MSg25 MSg176 MSg342,unknown,unknown,1,False,R-L,unknown,0.0
1119.0,MSg48 MSg342 MSg65 MSg342 MSg224,unknown,unknown,1,False,R-L,unknown,0.0
1120.0,MSg87 MSg59 MSg296 MSg342,unknown,unknown,1,False,R-L,unknown,0.0
1121.0,MSg245 MSg53 MSg99 MSg175 MSg12,unknown,unknown,1,False,R-L,unknown,0.0
1122.0,MSg242 MSg342 MSg98 MSg292 MSg342,unknown,unknown,1,False,R-L,unknown,0.0
1123.0,MSg204 MSg110 MSg342,unknown,unknown,1,False,R-L,unknown,0.0
1125.0,MSg48 MSg342 MSg375 MSg60,unknown,unknown,1,False,R-L,unknown,0.0
1126.0,MSg391 MSg99 MSg387 MSg87 MSg326 MSg342,unknown,unknown,1,False,R-L,unknown,0.0
1127.0,MSg267 MSg99 MSg124 MSg12,unknown,unknown,1,False,R-L,unknown,0.0
1128.0,MSg331 MSg162 MSg402,unknown,unknown,1,False,R-L,unknown,0.0
1129.0,MSg215 MSg287 MSg102 MSg15,unknown,unknown,1,False,R-L,unknown,0.0
1130.0,MSg164 MSg125 MSg59 MSg253 MSg230 MSg342,unknown,unknown,1,False,R-L,unknown,0.0
1131.0,MSg267 MSg99 MSg106 MSg162,unknown,unknown,1,False,R-L,unknown,0.0
1132.0,MSg252 MSg387 MSg15,unknown,unknown,1,False,R-L,unknown,0.0
1133.0,MSg104 MSg162,unknown,unknown,1,False,R-L,unknown,50.0
1134.0,MSg391 MSg123 MSg59 MSg53 MSg342,unknown,unknown,1,False,R-L,unknown,0.0
1135.1,MSg75 MSg53 MSg176,unknown,unknown,1,False,R-L,unknown,0.0
1135.2,MSg374,unknown,unknown,1,False,R-L,unknown,0.0
1136.0,MSg216 MSg123 MSg139,unknown,unknown,1,False,R-L,unknown,0.0
1137.0,MSg0 MSg67 MSg8 MSg342,unknown,unknown,1,False,R-L,unknown,0.0
1138.0,MSg0 MSg081 MSg176,unknown,unknown,1,False,R-L,unknown,33.33
1139.1,MSg197 MSg400 MSg99 MSg175 MSg230 MSg53 MSg343,unknown,unknown,1,False,R-L,unknown,0.0
1139.2,MSg244 MSg342 MSg282,unknown,unknown,1,False,R-L,unknown,0.0
1140.0,MSg293 MSg123 MSg343 MSg136 MSg193 MSg342,unknown,unknown,1,False,R-L,unknown,0.0
1141.0,MSg86 MSg0,unknown,unknown,1,False,R-L,unknown,0.0
1142.0,MSg28 MSg336 MSg182 MSg99 MSg387 MSg72 MSg348 MSg342,unknown,unknown,1,False,R-L,unknown,0.0
1143.0,MSg267 MSg99 MSg104 MSg162,unknown,unknown,1,False,R-L,unknown,0.0
1144.0,MSg0 MSg97 MSg78 MSg267,unknown,unknown,1,False,R-L,unknown,0.0
1145.0,MSg293 MSg123 MSg344 MSg336 MSg347 MSg342,unknown,unknown,1,False,R-L,unknown,0.0
1146.0,MSg267 MSg99 MSg112 MSg194 MSg403 MSg87 MSg342,unknown,unknown,1,False,R-L,unknown,0.0
1147.0,MSg387 MSg66 MSg336 MSg89 MSg211,unknown,unknown,1,False,R-L,unknown,0.0
1148.0,MSg391 MSg99 MSg62 MSg342,unknown,unknown,1,False,R-L,unknown,0.0
1149.0,MSg150 MSg123 MSg389 MSg72 MSg296 MSg342 MSg124 MSg169,unknown,unknown,1,False,R-L,unknown,0.0
1150.0,MSg50 MSg162 MSg99 MSg326 MSg342,unknown,unknown,1,False,R-L,unknown,0.0
1151.0,MSg17 MSg395 MSg99 MSg171 MSg59 MSg247 MSg342,unknown,unknown,1,False,R-L,unknown,0.0
1154.0,MSg059 MSg53 MSg342,unknown,unknown,1,False,R-L,unknown,33.33
1155.0,MSg127 MSg343 MSg67 MSg59 MSg211,unknown,unknown,1,False,R-L,unknown,0.0
1156.0,MSg72 MSg71 MSg121 MSg342,unknown,unknown,1,False,R-L,unknown,0.0
1157.0,MSg267 MSg99 MSg107 MSg162,unknown,unknown,1,False,R-L,unknown,0.0
1158.0,MSg267 MSg99 MSg65 MSg222 MSg254,unknown,unknown,1,False,R-L,unknown,0.0
1159.0,MSg245 MSg245 MSg343 MSg104 MSg162,unknown,unknown,1,False,R-L,unknown,0.0
1160.0,MSg293 MSg123 MSg343 MSg230 MSg342,unknown,unknown,1,False,R-L,unknown,0.0
1161.0,MSg389 MSg182 MSg293 MSg327 MSg342,unknown,unknown,1,False,R-L,unknown,0.0
1162.0,MSg267 MSg99 MSg289 MSg347 MSg342,unknown,unknown,1,False,R-L,unknown,0.0
1163.0,MSg204 MSg230 MSg015 MSg176,unknown,unknown,1,False,R-L,unknown,50.0
1164.0,MSg379 MSg162 MSg402,unknown,unknown,1,False,R-L,unknown,33.33
1165.0,MSg328 MSg32 MSg99 MSg72 MSg0,unknown,unknown,1,False,R-L,unknown,0.0
1166.0,MSg387 MSg0,unknown,unknown,1,False,R-L,unknown,0.0
1167.1,MSg175,unknown,unknown,1,False,R-L,unknown,100.0
1167.2,MSg336 MSg342,unknown,unknown,1,False,R-L,unknown,0.0
1168.0,MSg86 MSg336 MSg89 MSg211,unknown,unknown,1,False,R-L,unknown,0.0
1169.0,MSg31,unknown,unknown,1,False,R-L,unknown,0.0
1170.0,MSg216 MSg123 MSg70 MSg336 MSg89 MSg211,unknown,unknown,1,False,R-L,unknown,0.0
1171.0,MSg86 MSg15,unknown,unknown,1,False,R-L,unknown,0.0
1172.0,MSg79 MSg343 MSg387 MSg59 MSg211,unknown,unknown,1,False,R-L,unknown,0.0
1173.0,MSg387 MSg72 MSg211 MSg176,unknown,unknown,1,False,R-L,unknown,0.0
1174.0,MSg412 MSg123 MSg87 MSg249 MSg162 MSg342,unknown,unknown,1,False,R-L,unknown,0.0
1175.0,MSg343 MSg245 MSg245 MSg175 MSg180,unknown,unknown,1,False,R-L,unknown,0.0
1176.0,MSg0 MSg171 MSg59 MSg182 MSg293 MSg211,unknown,unknown,1,False,R-L,unknown,16.67
1177.0,MSg171 MSg60,unknown,unknown,1,False,R-L,unknown,0.0
1178.0,MSg391 MSg99 MSg15 MSg348 MSg342,unknown,unknown,1,False,R-L,unknown,20.0
1179.0,MSg51 MSg155 MSg343 MSg102 MSg137 MSg342,unknown,unknown,1,False,R-L,unknown,0.0
1180.0,MSg155 MSg245 MSg245 MSg99 MSg67 MSg222 MSg254,unknown,unknown,1,False,R-L,unknown,0.0
1181.0,MSg267 MSg99 MSg336 MSg51 MSg342,unknown,unknown,1,False,R-L,unknown,0.0
1182.0,MSg57 MSg209 MSg343 MSg5,unknown,unknown,1,False,R-L,unknown,0.0
1183.0,MSg265 MSg343 MSg326 MSg342,unknown,unknown,1,False,R-L,unknown,0.0
1185.0,MSg086 MSg178 MSg287 MSg402,unknown,unknown,1,False,R-L,unknown,25.0
1186.0,MSg293 MSg402 MSg123 MSg230 MSg391 MSg162,unknown,unknown,1,False,R-L,unknown,0.0
1187.0,MSg86 MSg48 MSg342,unknown,unknown,1,False,R-L,unknown,0.0
1188.0,MSg53 MSg72 MSg373 MSg287 MSg342,unknown,unknown,1,False,R-L,unknown,0.0
1189.0,MSg391 MSg123 MSg86 MSg4,unknown,unknown,1,False,R-L,unknown,0.0
1190.0,MSg86 MSg28 MSg233 MSg59,unknown,unknown,1,False,R-L,unknown,0.0
1191.0,MSg215 MSg17 MSg293 MSg186 MSg89 MSg0,unknown,unknown,1,False,R-L,unknown,0.0
1192.0,MSg391 MSg123 MSg124 MSg342,unknown,unknown,1,False,R-L,unknown,0.0
1193.0,MSg149 MSg342,unknown,unknown,1,False,R-L,unknown,50.0
1194.0,MSg51 MSg49 MSg83,unknown,unknown,1,False,R-L,unknown,0.0
1195.0,MSg48 MSg342 MSg130,unknown,unknown,1,False,R-L,unknown,0.0
1196.0,MSg0 MSg211,unknown,unknown,1,False,R-L,unknown,0.0
1197.0,MSg230 MSg211,unknown,unknown,1,False,R-L,unknown,50.0
1198.0,MSg67 MSg171 MSg59 MSg211,unknown,unknown,1,False,R-L,unknown,0.0
1199.0,MSg65 MSg53 MSg342,unknown,unknown,1,False,R-L,unknown,0.0
1200.0,MSg391 MSg99 MSg327 MSg342,unknown,unknown,1,False,R-L,unknown,0.0
1201.0,MSg253 MSg230 MSg342,unknown,unknown,1,False,R-L,unknown,0.0
1202.0,MSg86 MSg336 MSg75,unknown,unknown,1,False,R-L,unknown,0.0
1203.0,MSg267 MSg402 MSg97 MSg137 MSg395,unknown,unknown,1,False,R-L,unknown,0.0
1204.0,MSg389 MSg389 MSg176,unknown,unknown,1,False,R-L,unknown,0.0
1205.0,MSg87 MSg403 MSg87 MSg15,unknown,unknown,1,False,R-L,unknown,0.0
1206.0,MSg329 MSg212 MSg328,unknown,unknown,1,False,R-L,unknown,0.0
1207.0,MSg76 MSg104 MSg169,unknown,unknown,1,False,R-L,unknown,0.0
1208.0,MSg72 MSg296 MSg342,unknown,unknown,1,False,R-L,unknown,0.0
1209.1,MSg329 MSg89 MSg171 MSg8 MSg342,unknown,unknown,1,False,R-L,unknown,0.0
1209.2,MSg154 MSg303,unknown,unknown,1,False,R-L,unknown,0.0
1211.0,MSg400 MSg125 MSg59 MSg123 MSg112 MSg197 MSg342,unknown,unknown,1,False,R-L,unknown,0.0
1212.0,MSg293 MSg123 MSg343 MSg128 MSg342,unknown,unknown,1,False,R-L,unknown,0.0
1213.0,MSg65 MSg387 MSg342,unknown,unknown,1,False,R-L,unknown,0.0
1214.0,MSg319 MSg86 MSg99 MSg59 MSg8 MSg342 MSg1,unknown,unknown,1,False,R-L,unknown,0.0
1215.0,MSg267 MSg233 MSg342 MSg403 MSg87 MSg342,unknown,unknown,1,False,R-L,unknown,0.0
1217.0,MSg387 MSg342,unknown,unknown,1,False,R-L,unknown,0.0
1218.0,MSg86 MSg2 MSg12,unknown,unknown,1,False,R-L,unknown,0.0
1219.0,MSg197 MSg177 MSg81,unknown,unknown,1,False,R-L,unknown,0.0
1220.0,MSg102 MSg162,unknown,unknown,1,False,R-L,unknown,0.0
1221.0,MSg391 MSg97 MSg294 MSg375,unknown,unknown,1,False,R-L,unknown,0.0
1222.0,MSg254 MSg343 MSg87 MSg249 MSg162 MSg342,unknown,unknown,1,False,R-L,unknown,0.0
1224.0,MSg387 MSg296 MSg342,unknown,unknown,1,False,R-L,unknown,0.0
1225.0,MSg301 MSg155 MSg211,unknown,unknown,1,False,R-L,unknown,0.0
1226.0,MSg341 MSg342,unknown,unknown,1,False,R-L,unknown,0.0
1227.10,MSg264 MSg109 MSg162 MSg176 MSg176,unknown,unknown,1,False,R-L,unknown,0.0
1227.20,MSg403 MSg87 MSg342 MSg1 MSg176,unknown,unknown,1,False,R-L,unknown,0.0
1228.0,MSg267 MSg99 MSg76 MSg15,unknown,unknown,1,False,R-L,unknown,0.0
1229.0,MSg267 MSg99 MSg104 MSg162,unknown,unknown,1,False,R-L,unknown,0.0
1231.0,MSg111 MSg342,unknown,unknown,1,False,R-L,unknown,0.0
1232.0,MSg267 MSg99 MSg48 MSg342,unknown,unknown,1,False,R-L,unknown,0.0
1233.0,MSg216 MSg123 MSg127 MSg347 MSg342,unknown,unknown,1,False,R-L,unknown,0.0
1234.0,MSg293 MSg123 MSg343 MSg173 MSg342,unknown,unknown,1,False,R-L,unknown,0.0
1235.0,MSg150 MSg123 MSg65 MSg67 MSg73,unknown,unknown,1,False,R-L,unknown,0.0
1236.0,MSg375 MSg342,unknown,unknown,1,False,R-L,unknown,0.0
1237.1,MSg186 MSg125 MSg59 MSg51 MSg59,unknown,unknown,1,False,R-L,unknown,0.0
1237.2,MSg78 MSg347 MSg342,unknown,unknown,1,False,R-L,unknown,0.0
1238.0,MSg222 MSg254,unknown,unknown,1,False,R-L,unknown,0.0
1239.0,MSg267 MSg99 MSg0,unknown,unknown,1,False,R-L,unknown,0.0
1240.0,MSg244 MSg336 MSg0,unknown,unknown,1,False,R-L,unknown,0.0
1242.0,MSg129 MSg245 MSg125 MSg059 MSg0,unknown,unknown,1,False,R-L,unknown,20.0
1243.0,MSg109 MSg162,unknown,unknown,1,False,R-L,unknown,0.0
1244.0,MSg327 MSg254,unknown,unknown,1,False,R-L,unknown,0.0
1245.0,MSg221 MSg267 MSg342,unknown,unknown,1,False,R-L,unknown,0.0
1246.0,MSg267 MSg99 MSg104 MSg169,unknown,unknown,1,False,R-L,unknown,0.0
1247.1,MSg087 MSg336 MSg344 MSg175 MSg230,unknown,unknown,1,False,R-L,unknown,20.0
1247.2,MSg53 MSg342,unknown,unknown,1,False,R-L,unknown,0.0
1248.0,MSg245 MSg245 MSg330 MSg176,unknown,unknown,1,False,R-L,unknown,0.0
1249.0,MSg109 MSg162,unknown,unknown,1,False,R-L,unknown,0.0
1251.0,MSg72 MSg336 MSg89 MSg211 MSg176,unknown,unknown,1,False,R-L,unknown,0.0
1252.10,MSg415 MSg342,unknown,unknown,1,False,R-L,unknown,0.0
1252.20,MSg415 MSg342,unknown,unknown,1,False,R-L,unknown,0.0
1253.1,MSg373 MSg373 MSg302 MSg343 MSg253 MSg230 MSg342,unknown,unknown,1,False,R-L,unknown,0.0
1253.2,MSg89 MSg245 MSg245 MSg132,unknown,unknown,1,False,R-L,unknown,0.0
1254.0,MSg72 MSg211,unknown,unknown,1,False,R-L,unknown,0.0
1255.0,MSg391 MSg0,unknown,unknown,1,False,R-L,unknown,50.0
1257.0,MSg103 MSg403 MSg342,unknown,unknown,1,False,R-L,unknown,0.0
1260.0,MSg35 MSg0,unknown,unknown,1,False,R-L,unknown,0.0
1261.0,MSg72 MSg211,unknown,unknown,1,False,R-L,unknown,0.0
1262.0,MSg202 MSg51 MSg342 MSg316,unknown,unknown,1,False,R-L,unknown,0.0
1263.0,MSg86 MSg67 MSg294 MSg342,unknown,unknown,1,False,R-L,unknown,0.0
1265.0,MSg0 MSg86 MSg249 MSg400 MSg402,unknown,unknown,1,False,R-L,unknown,0.0
1266.0,MSg106 MSg17 MSg391 MSg87,unknown,unknown,1,False,R-L,unknown,0.0
1267.0,MSg86 MSg98 MSg130,unknown,unknown,1,False,R-L,unknown,0.0
1268.0,MSg173 MSg12,unknown,unknown,1,False,R-L,unknown,0.0
1269.0,MSg65 MSg216 MSg254,unknown,unknown,1,False,R-L,unknown,0.0
1270.0,MSg102 MSg162,unknown,unknown,1,False,R-L,unknown,0.0
1271.0,MSg327 MSg017 MSg0,unknown,unknown,1,False,R-L,unknown,33.33
1272.0,MSg293 MSg342,unknown,unknown,1,False,R-L,unknown,0.0
1273.0,MSg120 MSg87,unknown,unknown,1,False,R-L,unknown,0.0
1274.0,MSg267 MSg99 MSg207,unknown,unknown,1,False,R-L,unknown,0.0
1275.0,MSg0 MSg102 MSg287 MSg342,unknown,unknown,1,False,R-L,unknown,0.0
1276.0,MSg56 MSg95 MSg0,unknown,unknown,1,False,R-L,unknown,0.0
1277.0,MSg65 MSg171 MSg59 MSg211,unknown,unknown,1,False,R-L,unknown,0.0
1278.1,MSg267 MSg99 MSg343 MSg100 MSg081,unknown,unknown,1,False,R-L,unknown,20.0
1278.2,MSg87 MSg162 MSg375,unknown,unknown,1,False,R-L,unknown,0.0
1279.0,MSg48 MSg342,unknown,unknown,1,False,R-L,unknown,0.0
1281.0,MSg0 MSg100 MSg169,unknown,unknown,1,False,R-L,unknown,33.33
1282.0,MSg102 MSg216 MSg245 MSg0,unknown,unknown,1,False,R-L,unknown,0.0
1283.0,MSg65 MSg135 MSg342,unknown,unknown,1,False,R-L,unknown,0.0
1285.0,MSg284 MSg124 MSg342,unknown,unknown,1,False,R-L,unknown,0.0
1286.0,MSg355 MSg343 MSg86 MSg175 MSg176 MSg211,unknown,unknown,1,False,R-L,unknown,0.0
1287.0,MSg86 MSg15,unknown,unknown,1,False,R-L,unknown,0.0
1288.0,MSg28 MSg1,unknown,unknown,1,False,R-L,unknown,0.0
1289.0,MSg84 MSg343 MSg204 MSg230 MSg0,unknown,unknown,1,False,R-L,unknown,0.0
1290.0,MSg0 MSg72 MSg0,unknown,unknown,1,False,R-L,unknown,0.0
1291.0,MSg267 MSg99 MSg0,unknown,unknown,1,False,R-L,unknown,0.0
1292.0,MSg250,unknown,unknown,1,False,R-L,unknown,0.0
1293.0,MSg216 MSg123 MSg0,unknown,unknown,1,False,R-L,unknown,0.0
1294.0,MSg284 MSg99 MSg348 MSg342,unknown,unknown,1,False,R-L,unknown,0.0
1295.0,MSg72 MSg48 MSg342 MSg1,unknown,unknown,1,False,R-L,unknown,0.0
1296.0,MSg289 MSg342,unknown,unknown,1,False,R-L,unknown,0.0
1297.0,MSg267 MSg402 MSg0 MSg015,unknown,unknown,1,False,R-L,unknown,25.0
1298.0,MSg0 MSg135 MSg347 MSg342,unknown,unknown,1,False,R-L,unknown,25.0
1299.0,MSg0 MSg065 MSg387 MSg342,unknown,unknown,1,False,R-L,unknown,25.0
1300.0,MSg0 MSg249 MSg162 MSg342,unknown,unknown,1,False,R-L,unknown,0.0
1301.0,MSg17 MSg106 MSg162,unknown,unknown,1,False,R-L,unknown,0.0
1302.1,MSg293 MSg233 MSg342 MSg175,unknown,unknown,1,False,R-L,unknown,25.0
1302.2,MSg214 MSg342,unknown,unknown,1,False,R-L,unknown,0.0
1303.1,MSg167,unknown,unknown,1,False,R-L,unknown,0.0
1303.2,MSg15 MSg409 MSg96,unknown,unknown,1,False,R-L,unknown,0.0
1305.0,MSg28 MSg267 MSg342,unknown,unknown,1,False,R-L,unknown,0.0
1306.0,MSg244 MSg81 MSg99 MSg98 MSg72 MSg65 MSg53 MSg342 MSg224,unknown,unknown,1,False,R-L,unknown,0.0
1307.0,MSg0 MSg012,unknown,unknown,1,False,R-L,unknown,50.0
1308.0,MSg70 MSg72 MSg388,unknown,unknown,1,False,R-L,unknown,0.0
1309.0,MSg109 MSg169 MSg97 MSg51 MSg182,unknown,unknown,1,False,R-L,unknown,0.0
1310.0,MSg249 MSg336 MSg99 MSg171 MSg8 MSg342,unknown,unknown,1,False,R-L,unknown,0.0
1311.10,MSg284 MSg106 MSg287 MSg342,unknown,unknown,1,False,R-L,unknown,0.0
1312.0,MSg0 MSg10,unknown,unknown,1,False,R-L,unknown,0.0
1313.0,MSg67 MSg72 MSg0,unknown,unknown,1,False,R-L,unknown,0.0
1314.0,MSg216 MSg173 MSg99 MSg109 MSg59 MSg211,unknown,unknown,1,False,R-L,unknown,0.0
1315.0,MSg403 MSg400 MSg99 MSg249 MSg162 MSg12,unknown,unknown,1,False,R-L,unknown,0.0
1316.0,MSg66,unknown,unknown,1,False,R-L,unknown,0.0
1317.0,MSg267 MSg99 MSg72 MSg65 MSg204 MSg342,unknown,unknown,1,False,R-L,unknown,16.67
1318.0,MSg391 MSg0 MSg171 MSg008 MSg342,unknown,unknown,1,False,R-L,unknown,40.0
1319.0,MSg54 MSg180 MSg97 MSg226 MSg254,unknown,unknown,1,False,R-L,unknown,0.0
1320.0,MSg67 MSg65 MSg159 MSg342,unknown,unknown,1,False,R-L,unknown,0.0
1321.1,MSg293 MSg98 MSg65 MSg59 MSg211 MSg150 MSg123 MSg135 MSg342,unknown,unknown,1,False,R-L,unknown,0.0
1321.2,MSg104 MSg39 MSg229 MSg404,unknown,unknown,1,False,R-L,unknown,0.0
1322.0,MSg267 MSg99 MSg175 MSg230 MSg53 MSg171 MSg8 MSg342,unknown,unknown,1,False,R-L,unknown,0.0
1323.0,MSg0 MSg65 MSg59 MSg294 MSg342,unknown,unknown,1,False,R-L,unknown,0.0
1324.0,MSg238 MSg267 MSg99 MSg87 MSg59 MSg67 MSg211,unknown,unknown,1,False,R-L,unknown,0.0
1325.11,MSg403 MSg187 MSg342 MSg171 MSg8 MSg342,unknown,unknown,1,False,R-L,unknown,0.0
1325.12,MSg374,unknown,unknown,1,False,R-L,unknown,0.0
1325.20,MSg25 MSg409 MSg96,unknown,unknown,1,False,R-L,unknown,0.0
1326.0,MSg267 MSg99 MSg72 MSg65 MSg336 MSg89 MSg211,unknown,unknown,1,False,R-L,unknown,0.0
1327.0,MSg391 MSg99 MSg70 MSg211,unknown,unknown,1,False,R-L,unknown,0.0
1328.0,MSg267 MSg99 MSg72 MSg192 MSg342,unknown,unknown,1,False,R-L,unknown,0.0
1329.1,MSg182 MSg58 MSg343 MSg98 MSg211,unknown,unknown,1,False,R-L,unknown,0.0
1329.2,MSg175 MSg214 MSg282,unknown,unknown,1,False,R-L,unknown,0.0
1330.0,MSg395 MSg99 MSg59 MSg296 MSg342,unknown,unknown,1,False,R-L,unknown,0.0
1331.0,MSg293 MSg123 MSg343 MSg100 MSg17 MSg342,unknown,unknown,1,False,R-L,unknown,0.0
1332.1,MSg216 MSg123 MSg72 MSg388,unknown,unknown,1,False,R-L,unknown,0.0
1332.2,MSg393,unknown,unknown,1,False,R-L,unknown,0.0
1333.0,MSg150 MSg297 MSg345 MSg53 MSg342,unknown,unknown,1,False,R-L,unknown,0.0
1334.0,MSg267 MSg99 MSg41 MSg245 MSg342,unknown,unknown,1,False,R-L,unknown,0.0
1335.0,MSg391 MSg123 MSg223 MSg342,unknown,unknown,1,False,R-L,unknown,0.0
1336.0,MSg215 MSg86 MSg175 MSg176 MSg342 MSg1,unknown,unknown,1,False,R-L,unknown,0.0
1337.0,MSg244 MSg336 MSg347 MSg252 MSg391 MSg98,unknown,unknown,1,False,R-L,unknown,0.0
1338.0,MSg76 MSg76 MSg284,unknown,unknown,1,False,R-L,unknown,0.0
1339.0,MSg102 MSg17 MSg8 MSg342,unknown,unknown,1,False,R-L,unknown,0.0
1340.1,MSg267 MSg99 MSg341 MSg336 MSg307,unknown,unknown,1,False,R-L,unknown,0.0
1340.2,MSg197 MSg326,unknown,unknown,1,False,R-L,unknown,0.0
1341.1,MSg391 MSg99 MSg173 MSg342,unknown,unknown,1,False,R-L,unknown,0.0
1341.2,MSg242,unknown,unknown,1,False,R-L,unknown,0.0
1342.0,MSg87 MSg186 MSg344 MSg70 MSg78 MSg347 MSg342,unknown,unknown,1,False,R-L,unknown,0.0
1343.0,MSg0 MSg25 MSg176 MSg342 MSg253 MSg230,unknown,unknown,1,False,R-L,unknown,0.0
1344.0,MSg391 MSg99 MSg112 MSg194 MSg342,unknown,unknown,1,False,R-L,unknown,0.0
1345.0,MSg391 MSg123 MSg65 MSg72 MSg336 MSg89 MSg211,unknown,unknown,1,False,R-L,unknown,0.0
1346.0,MSg253 MSg230 MSg99 MSg106 MSg162,unknown,unknown,1,False,R-L,unknown,0.0
1347.0,MSg37 MSg342 MSg98 MSg86 MSg67 MSg211,unknown,unknown,1,False,R-L,unknown,0.0
1348.0,MSg17 MSg293 MSg197 MSg60,unknown,unknown,1,False,R-L,unknown,0.0
1349.0,MSg376 MSg402 MSg99 MSg65 MSg375 MSg0,unknown,unknown,1,False,R-L,unknown,33.33
1350.0,MSg65 MSg72 MSg222 MSg254 MSg176,unknown,unknown,1,False,R-L,unknown,0.0
1351.0,MSg267 MSg99 MSg67 MSg296 MSg342,unknown,unknown,1,False,R-L,unknown,0.0
1355.1,MSg216 MSg97 MSg135 MSg342,unknown,unknown,1,False,R-L,unknown,0.0
1355.2,MSg242,unknown,unknown,1,False,R-L,unknown,0.0
1357.0,MSg0 MSg180 MSg227 MSg087 MSg0,unknown,unknown,1,False,R-L,unknown,20.0
1358.0,MSg0 MSg1 MSg245 MSg0,unknown,unknown,1,False,R-L,unknown,25.0
1360.0,MSg263 MSg343 MSg173 MSg12,unknown,unknown,1,False,R-L,unknown,0.0
1361.0,MSg293 MSg123 MSg102 MSg162,unknown,unknown,1,False,R-L,unknown,0.0
1362.0,MSg0 MSg387 MSg70 MSg211 MSg262,unknown,unknown,1,False,R-L,unknown,0.0
1365.0,MSg102 MSg59 MSg211,unknown,unknown,1,False,R-L,unknown,0.0
1366.0,MSg103 MSg403 MSg342,unknown,unknown,1,False,R-L,unknown,0.0
1367.0,MSg267 MSg99 MSg67 MSg175 MSg206,unknown,unknown,1,False,R-L,unknown,0.0
1368.0,MSg059 MSg342 MSg139,unknown,unknown,1,False,R-L,unknown,66.67
1369.0,MSg267 MSg99 MSg65 MSg403 MSg87 MSg342,unknown,unknown,1,False,R-L,unknown,0.0
1370.0,MSg72 MSg51 MSg130 MSg149 MSg342,unknown,unknown,1,False,R-L,unknown,0.0
1372.0,MSg267 MSg99 MSg171 MSg0,unknown,unknown,1,False,R-L,unknown,25.0
1373.0,MSg17 MSg293 MSg61 MSg100 MSg67 MSg135 MSg342,unknown,unknown,1,False,R-L,unknown,0.0
1374.0,MSg65 MSg348 MSg342,unknown,unknown,1,False,R-L,unknown,0.0
1376.0,MSg102 MSg59 MSg342,unknown,unknown,1,False,R-L,unknown,0.0
1379.0,MSg65 MSg67 MSg51 MSg0,unknown,unknown,1,False,R-L,unknown,0.0
1380.0,MSg65 MSg70 MSg211,unknown,unknown,1,False,R-L,unknown,0.0
1381.0,MSg17 MSg403 MSg0,unknown,unknown,1,False,R-L,unknown,0.0
1382.0,MSg165,unknown,unknown,1,False,R-L,unknown,0.0
1383.0,MSg17 MSg0,unknown,unknown,1,False,R-L,unknown,0.0
1385.0,MSg86 MSg98 MSg347 MSg342,unknown,unknown,1,False,R-L,unknown,0.0
1386.0,MSg267 MSg99 MSg0 MSg342 MSg1 MSg242,unknown,unknown,1,False,R-L,unknown,0.0
1387.0,MSg286 MSg123 MSg59 MSg211 MSg242,unknown,unknown,1,False,R-L,unknown,0.0
1388.0,MSg197 MSg249 MSg343 MSg67 MSg211,unknown,unknown,1,False,R-L,unknown,0.0
1389.1,MSg233 MSg336 MSg375 MSg252,unknown,unknown,1,False,R-L,unknown,0.0
1389.2,MSg0 MSg187 MSg233,unknown,unknown,1,False,R-L,unknown,33.33
1390.0,MSg0 MSg130 MSg149 MSg342,unknown,unknown,1,False,R-L,unknown,25.0
1391.0,MSg199 MSg99 MSg153 MSg153 MSg347 MSg342 MSg0,unknown,unknown,1,False,R-L,unknown,28.57
1392.0,MSg0 MSg338 MSg162,unknown,unknown,1,False,R-L,unknown,0.0
1393.0,MSg112 MSg194 MSg8 MSg140 MSg342,unknown,unknown,1,False,R-L,unknown,0.0
1394.0,MSg394 MSg402 MSg98,unknown,unknown,1,False,R-L,unknown,0.0
1395.0,MSg343 MSg74 MSg400 MSg99 MSg104 MSg162,unknown,unknown,1,False,R-L,unknown,0.0
1396.1,MSg284 MSg99 MSg65 MSg0,unknown,unknown,1,False,R-L,unknown,0.0
1396.2,MSg150 MSg307 MSg267,unknown,unknown,1,False,R-L,unknown,0.0
1397.0,MSg0 MSg341 MSg336 MSg180 MSg163 MSg404,unknown,unknown,1,False,R-L,unknown,16.67
1398.0,MSg53 MSg70 MSg0,unknown,unknown,1,False,R-L,unknown,0.0
1399.0,MSg053 MSg171 MSg59 MSg0,unknown,unknown,1,False,R-L,unknown,25.0
1400.1,MSg391 MSg99 MSg65 MSg67 MSg70 MSg211,unknown,unknown,1,False,R-L,unknown,0.0
1400.2,MSg179 MSg336 MSg347 MSg342,unknown,unknown,1,False,R-L,unknown,0.0
1400.3,MSg89 MSg375 MSg180 MSg28 MSg162 MSg267 MSg051,unknown,unknown,1,False,R-L,unknown,14.29
1401.0,MSg391 MSg97 MSg389 MSg67 MSg178 MSg389 MSg8 MSg342,unknown,unknown,1,False,R-L,unknown,0.0
1402.0,MSg249 MSg342 MSg345 MSg97 MSg106 MSg169,unknown,unknown,1,False,R-L,unknown,0.0
1403.0,MSg28 MSg303 MSg100 MSg66 MSg407 MSg169 MSg334 MSg342,unknown,unknown,1,False,R-L,unknown,0.0
1404.0,MSg249 MSg342 MSg345 MSg65 MSg67 MSg121 MSg135 MSg342,unknown,unknown,1,False,R-L,unknown,0.0
1405.0,MSg391 MSg97 MSg234 MSg8 MSg342,unknown,unknown,1,False,R-L,unknown,0.0
1406.0,MSg17 MSg293 MSg391 MSg87 MSg28 MSg189 MSg252 MSg176,unknown,unknown,1,False,R-L,unknown,0.0
1407.0,MSg391 MSg99 MSg171 MSg8 MSg342,unknown,unknown,1,False,R-L,unknown,20.0
1408.0,MSg0 MSg192 MSg358 MSg0,unknown,unknown,1,False,R-L,unknown,0.0
1409.0,MSg0 MSg59 MSg407 MSg169,unknown,unknown,1,False,R-L,unknown,0.0
1410.0,MSg18 MSg211 MSg126 MSg169,unknown,unknown,1,False,R-L,unknown,0.0
1411.0,MSg102 MSg169,unknown,unknown,1,False,R-L,unknown,0.0
1412.10,MSg182 MSg149,unknown,unknown,1,False,R-L,unknown,0.0
1412.20,MSg216 MSg123 MSg149 MSg342,unknown,unknown,1,False,R-L,unknown,0.0
1414.0,MSg65 MSg336 MSg89 MSg121 MSg342,unknown,unknown,1,False,R-L,unknown,0.0
1415.0,MSg72 MSg121 MSg358 MSg342,unknown,unknown,1,False,R-L,unknown,0.0
1416.0,MSg286 MSg99 MSg204 MSg230 MSg342,unknown,unknown,1,False,R-L,unknown,0.0
1417.0,MSg28 MSg233 MSg343 MSg0,unknown,unknown,1,False,R-L,unknown,0.0
1418.0,MSg65 MSg249 MSg169 MSg342 MSg97 MSg104 MSg169,unknown,unknown,1,False,R-L,unknown,0.0
1419.0,MSg344 MSg389 MSg171 MSg59 MSg341 MSg294 MSg8 MSg0,unknown,unknown,1,False,R-L,unknown,0.0
1420.0,MSg175 MSg230 MSg344 MSg53 MSg65 MSg233 MSg342,unknown,unknown,1,False,R-L,unknown,0.0
1421.0,MSg216 MSg123 MSg65 MSg244 MSg58 MSg294 MSg375 MSg72 MSg244 MSg56,unknown,unknown,1,False,R-L,unknown,0.0
1422.0,MSg106 MSg169,unknown,unknown,1,False,R-L,unknown,0.0
1423.0,MSg345 MSg249 MSg169 MSg342,unknown,unknown,1,False,R-L,unknown,25.0
1424.0,MSg267 MSg99 MSg98 MSg25 MSg245 MSg245,unknown,unknown,1,False,R-L,unknown,0.0
1425.0,MSg66 MSg336 MSg89 MSg124 MSg169,unknown,unknown,1,False,R-L,unknown,0.0
1426.0,MSg341 MSg309 MSg267 MSg99 MSg48 MSg8 MSg342,unknown,unknown,1,False,R-L,unknown,0.0
1427.0,MSg41 MSg104 MSg162,unknown,unknown,1,False,R-L,unknown,33.33
1429.0,MSg267 MSg99 MSg53 MSg171 MSg59 MSg336 MSg89 MSg360 MSg249 MSg169 MSg342,unknown,unknown,1,False,R-L,unknown,0.0
1430.0,MSg391 MSg99 MSg389 MSg249 MSg169 MSg342,unknown,unknown,1,False,R-L,unknown,0.0
1431.0,MSg80 MSg89 MSg344 MSg67 MSg72 MSg403 MSg162,unknown,unknown,1,False,R-L,unknown,0.0
1432.0,MSg0 MSg99 MSg98 MSg87 MSg284 MSg342,unknown,unknown,1,False,R-L,unknown,0.0
1433.0,MSg267 MSg99 MSg65 MSg249 MSg162 MSg342,unknown,unknown,1,False,R-L,unknown,0.0
1434.0,MSg297 MSg345 MSg53 MSg0,unknown,unknown,1,False,R-L,unknown,0.0
1435.10,MSg53 MSg112 MSg197 MSg342 MSg139,unknown,unknown,1,False,R-L,unknown,0.0
1435.20,MSg197 MSg342 MSg139,unknown,unknown,1,False,R-L,unknown,0.0
1436.0,MSg391 MSg99 MSg98 MSg178 MSg389 MSg15,unknown,unknown,1,False,R-L,unknown,0.0
1437.0,MSg25 MSg245 MSg245,unknown,unknown,1,False,R-L,unknown,0.0
1438.0,MSg391 MSg97 MSg48 MSg258 MSg193 MSg342,unknown,unknown,1,False,R-L,unknown,0.0
1439.0,MSg296 MSg342 MSg98 MSg109 MSg169,unknown,unknown,1,False,R-L,unknown,0.0
1441.0,MSg106 MSg169,unknown,unknown,1,False,R-L,unknown,0.0
1442.0,MSg293 MSg123 MSg343 MSg112 MSg197 MSg0,unknown,unknown,1,False,R-L,unknown,16.67
1443.0,MSg0 MSg169 MSg342,unknown,unknown,1,False,R-L,unknown,33.33
1444.0,MSg391 MSg123 MSg247 MSg258 MSg302,unknown,unknown,1,False,R-L,unknown,0.0
1445.0,MSg284 MSg99 MSg389 MSg0,unknown,unknown,1,False,R-L,unknown,0.0
1446.0,MSg0 MSg327 MSg342,unknown,unknown,1,False,R-L,unknown,33.33
1447.0,MSg53 MSg67 MSg70 MSg222 MSg254,unknown,unknown,1,False,R-L,unknown,0.0
1448.0,MSg0 MSg197 MSg342 MSg124 MSg169,unknown,unknown,1,False,R-L,unknown,0.0
1449.0,MSg40 MSg97 MSg104 MSg169,unknown,unknown,1,False,R-L,unknown,0.0
1450.0,MSg171 MSg59 MSg17 MSg261 MSg86,unknown,unknown,1,False,R-L,unknown,0.0
1451.0,MSg267 MSg99 MSg155 MSg169,unknown,unknown,1,False,R-L,unknown,0.0
1452.0,MSg239 MSg293 MSg338 MSg97 MSg001 MSg0,unknown,unknown,1,False,R-L,unknown,16.67
1453.0,MSg104 MSg169,unknown,unknown,1,False,R-L,unknown,50.0
1454.0,MSg0 MSg70 MSg389 MSg102 MSg287 MSg0,unknown,unknown,1,False,R-L,unknown,0.0
1455.0,MSg391 MSg97 MSg70 MSg72 MSg0,unknown,unknown,1,False,R-L,unknown,0.0
1456.0,MSg267 MSg99 MSg72 MSg336 MSg89 MSg216 MSg254,unknown,unknown,1,False,R-L,unknown,0.0
1457.0,MSg293 MSg245 MSg344 MSg301 MSg155 MSg211,unknown,unknown,1,False,R-L,unknown,0.0
1458.0,MSg0 MSg53 MSg171 MSg59 MSg407 MSg169,unknown,unknown,1,False,R-L,unknown,0.0
1459.0,MSg0 MSg345 MSg204 MSg230 MSg342,unknown,unknown,1,False,R-L,unknown,0.0
1460.0,MSg106 MSg287 MSg342,unknown,unknown,1,False,R-L,unknown,0.0
1461.0,MSg202 MSg240 MSg345 MSg294 MSg0,unknown,unknown,1,False,R-L,unknown,20.0
1462.0,MSg293 MSg123 MSg344 MSg387 MSg0,unknown,unknown,1,False,R-L,unknown,0.0
1463.0,MSg336 MSg391 MSg252 MSg0,unknown,unknown,1,False,R-L,unknown,0.0
1464.0,MSg336 MSg341 MSg327 MSg15,unknown,unknown,1,False,R-L,unknown,0.0
1465.0,MSg267 MSg99 MSg174 MSg342,unknown,unknown,1,False,R-L,unknown,0.0
1466.0,MSg267 MSg99 MSg204 MSg110 MSg342,unknown,unknown,1,False,R-L,unknown,0.0
1467.0,MSg389 MSg72 MSg407 MSg169,unknown,unknown,1,False,R-L,unknown,0.0
1468.0,MSg391 MSg99 MSg87 MSg59 MSg72 MSg8 MSg342,unknown,unknown,1,False,R-L,unknown,0.0
1469.0,MSg293 MSg123 MSg345 MSg171 MSg8 MSg342,unknown,unknown,1,False,R-L,unknown,0.0
1470.0,MSg121 MSg65 MSg72 MSg259 MSg342,unknown,unknown,1,False,R-L,unknown,0.0
1471.11,MSg240 MSg302 MSg156,unknown,unknown,1,False,R-L,unknown,0.0
1471.12,MSg104 MSg205 MSg107,unknown,unknown,1,False,R-L,unknown,0.0
1471.20,MSg98 MSg287,unknown,unknown,1,False,R-L,unknown,0.0
1471.30,MSg287 MSg136 MSg323 MSg287,unknown,unknown,1,False,R-L,unknown,0.0
1471.40,MSg102,unknown,unknown,1,False,R-L,unknown,0.0
1474.0,MSg59 MSg341 MSg342,unknown,unknown,1,False,R-L,unknown,0.0
1475.10,MSg328 MSg328 MSg267 MSg99,unknown,unknown,1,False,R-L,unknown,0.0
1475.20,MSg48 MSg15,unknown,unknown,1,False,R-L,unknown,0.0
1477.0,MSg328 MSg328 MSg267 MSg99,unknown,unknown,1,False,R-L,unknown,0.0
1478.0,MSg391 MSg123 MSg100 MSg375 MSg17 MSg250 MSg121 MSg0,unknown,unknown,1,False,R-L,unknown,0.0
1479.0,MSg0 MSg216 MSg211 MSg176,unknown,unknown,1,False,R-L,unknown,0.0
1480.0,MSg0 MSg60,unknown,unknown,1,False,R-L,unknown,0.0
1482.0,MSg7,unknown,unknown,1,False,R-L,unknown,0.0
1483.0,MSg1 MSg1,unknown,unknown,1,False,R-L,unknown,0.0
1484.0,MSg0 MSg59 MSg0,unknown,unknown,1,False,R-L,unknown,0.0
1486.0,MSg267 MSg0,unknown,unknown,1,False,R-L,unknown,0.0
1487.0,MSg48 MSg342,unknown,unknown,1,False,R-L,unknown,0.0
1488.0,MSg0 MSg347 MSg342,unknown,unknown,1,False,R-L,unknown,0.0
1489.0,MSg0 MSg89 MSg342,unknown,unknown,1,False,R-L,unknown,33.33
1490.0,MSg391 MSg391 MSg342,unknown,unknown,1,False,R-L,unknown,0.0
1491.0,MSg0 MSg99 MSg87 MSg59 MSg296 MSg0,unknown,unknown,1,False,R-L,unknown,0.0
1492.0,MSg0 MSg99 MSg65 MSg0,unknown,unknown,1,False,R-L,unknown,0.0
1494.0,MSg267 MSg99 MSg47 MSg340 MSg342 MSg97 MSg173,unknown,unknown,1,False,R-L,unknown,0.0
1495.0,MSg230 MSg0,unknown,unknown,1,False,R-L,unknown,0.0
1496.0,MSg0 MSg336 MSg17,unknown,unknown,1,False,R-L,unknown,0.0
1497.0,MSg059 MSg182 MSg293 MSg216 MSg0,unknown,unknown,1,False,R-L,unknown,20.0
1498.0,MSg391 MSg99 MSg059 MSg0,unknown,unknown,1,False,R-L,unknown,25.0
1499.0,MSg0 MSg294 MSg342,unknown,unknown,1,False,R-L,unknown,0.0
1527.11,MSg17 MSg250 MSg176,unknown,unknown,1,False,R-L,unknown,33.33
1527.12,MSg102 MSg097 MSg149 MSg89 MSg328,unknown,unknown,1,False,R-L,unknown,20.0
1529.0,MSg67 MSg103 MSg403 MSg342 MSg176,unknown,unknown,1,False,R-L,unknown,0.0
1530.0,MSg67 MSg103 MSg403 MSg342 MSg176,unknown,unknown,1,False,R-L,unknown,0.0
1531.0,MSg171 MSg59 MSg342 MSg176,unknown,unknown,1,False,R-L,unknown,0.0
1532.0,MSg95 MSg328 MSg2 MSg12,unknown,unknown,1,False,R-L,unknown,0.0
1533.0,MSg221 MSg254,unknown,unknown,1,False,R-L,unknown,0.0
1534.0,MSg234 MSg99 MSg67 MSg70 MSg211 MSg242,unknown,unknown,1,False,R-L,unknown,0.0
1535.0,MSg86 MSg124 MSg344 MSg68,unknown,unknown,1,False,R-L,unknown,0.0
1536.0,MSg146 MSg195 MSg343 MSg403 MSg87 MSg342 MSg1,unknown,unknown,1,False,R-L,unknown,0.0
1537.0,MSg267 MSg99 MSg322 MSg342 MSg204 MSg162,unknown,unknown,1,False,R-L,unknown,0.0
1538.0,MSg284 MSg124 MSg342,unknown,unknown,1,False,R-L,unknown,0.0
1539.0,MSg249 MSg162 MSg402 MSg89 MSg89,unknown,unknown,1,False,R-L,unknown,0.0
1540.0,MSg341 MSg206 MSg99 MSg387 MSg65 MSg171 MSg59 MSg87 MSg294 MSg342,unknown,unknown,1,False,R-L,unknown,0.0
1541.0,MSg53 MSg336 MSg89 MSg403 MSg87 MSg342,unknown,unknown,1,False,R-L,unknown,0.0
1542.0,MSg102 MSg216 MSg245 MSg245,unknown,unknown,1,False,R-L,unknown,0.0
1543.0,MSg391 MSg123 MSg171 MSg59 MSg211,unknown,unknown,1,False,R-L,unknown,0.0
1544.0,MSg50 MSg56 MSg99 MSg98 MSg65 MSg67 MSg336 MSg0,unknown,unknown,1,False,R-L,unknown,0.0
1545.0,MSg0 MSg125 MSg176 MSg176,unknown,unknown,1,False,R-L,unknown,0.0
1547.0,MSg391,unknown,unknown,1,False,R-L,unknown,0.0
1548.0,MSg121 MSg342 MSg318,unknown,unknown,1,False,R-L,unknown,0.0
1549.0,MSg391 MSg341 MSg99 MSg87 MSg59 MSg51 MSg130 MSg149 MSg342,unknown,unknown,1,False,R-L,unknown,11.11
1550.1,MSg67 MSg244 MSg342,unknown,unknown,1,False,R-L,unknown,0.0
1550.2,MSg242,unknown,unknown,1,False,R-L,unknown,0.0
1551.0,MSg267 MSg99 MSg87 MSg59 MSg211,unknown,unknown,1,False,R-L,unknown,0.0
1552.0,MSg87 MSg403 MSg180 MSg99 MSg98 MSg379 MSg245 MSg245,unknown,unknown,1,False,R-L,unknown,0.0
1553.0,MSg397 MSg1 MSg267 MSg99 MSg67 MSg342 MSg112 MSg194 MSg342,unknown,unknown,1,False,R-L,unknown,0.0
1554.0,MSg267 MSg99 MSg59 MSg211 MSg242,unknown,unknown,1,False,R-L,unknown,0.0
1555.0,MSg17 MSg162 MSg343 MSg65 MSg175 MSg230 MSg53 MSg342,unknown,unknown,1,False,R-L,unknown,0.0
1556.0,MSg59 MSg160 MSg343 MSg249 MSg162 MSg342,unknown,unknown,1,False,R-L,unknown,0.0
1557.0,MSg0 MSg99 MSg53 MSg67 MSg336 MSg89 MSg112 MSg194 MSg342,unknown,unknown,1,False,R-L,unknown,0.0
1558.0,MSg104 MSg169,unknown,unknown,1,False,R-L,unknown,50.0
1559.0,MSg397 MSg99 MSg216 MSg254,unknown,unknown,1,False,R-L,unknown,0.0
1560.0,MSg336 MSg89 MSg87 MSg373,unknown,unknown,1,False,R-L,unknown,0.0
1561.0,MSg204 MSg230 MSg342,unknown,unknown,1,False,R-L,unknown,0.0
1563.0,MSg267 MSg99 MSg48 MSg12,unknown,unknown,1,False,R-L,unknown,0.0
1602.0,MSg134 MSg86 MSg99 MSg65 MSg192 MSg347 MSg342,unknown,unknown,1,False,R-L,unknown,14.29
1603.10,MSg336 MSg321,unknown,unknown,1,False,R-L,unknown,0.0
1603.20,MSg336 MSg321,unknown,unknown,1,False,R-L,unknown,0.0
1604.10,MSg63,unknown,unknown,1,False,R-L,unknown,0.0
1605.10,MSg87 MSg403 MSg99 MSg387 MSg17 MSg261,unknown,unknown,1,False,R-L,unknown,0.0
1606.0,MSg264 MSg387 MSg336 MSg89 MSg211,unknown,unknown,1,False,R-L,unknown,0.0
1607.10,MSg018 MSg342 MSg48 MSg342 MSg1,unknown,unknown,1,False,R-L,unknown,20.0
1608.10,MSg87 MSg403 MSg99 MSg387 MSg17 MSg261,unknown,unknown,1,False,R-L,unknown,0.0
1609.10,MSg0 MSg336 MSg89 MSg249 MSg162 MSg342,unknown,unknown,1,False,R-L,unknown,0.0
1610.10,MSg63,unknown,unknown,1,False,R-L,unknown,0.0
1610.20,MSg63,unknown,unknown,1,False,R-L,unknown,0.0
1611.10,MSg63,unknown,unknown,1,False,R-L,unknown,0.0
1611.20,MSg63,unknown,unknown,1,False,R-L,unknown,0.0
1613.10,MSg63,unknown,unknown,1,False,R-L,unknown,0.0
1613.20,MSg63,unknown,unknown,1,False,R-L,unknown,0.0
1615.0,MSg389 MSg65 MSg249 MSg169 MSg342 MSg176,unknown,unknown,1,False,R-L,unknown,0.0
1616.10,MSg9 MSg48,unknown,unknown,1,False,R-L,unknown,0.0
1616.20,MSg67 MSg171 MSg8 MSg342,unknown,unknown,1,False,R-L,unknown,0.0
1619.10,MSg51 MSg130 MSg149 MSg342,unknown,unknown,1,False,R-L,unknown,0.0
1620.10,MSg387 MSg342 MSg176,unknown,unknown,1,False,R-L,unknown,0.0
1621.0,MSg267 MSg99 MSg53 MSg171 MSg59 MSg89 MSg89 MSg347 MSg342,unknown,unknown,1,False,R-L,unknown,22.22
1622.0,MSg387 MSg192 MSg347 MSg342,unknown,unknown,1,False,R-L,unknown,0.0
1623.10,MSg386 MSg53 MSg48 MSg342 MSg12 MSg328 MSg328 MSg328 MSg162,unknown,unknown,1,False,R-L,unknown,0.0
1623.20,MSg137 MSg155 MSg343 MSg10 MSg81 MSg403 MSg87,unknown,unknown,1,False,R-L,unknown,0.0
1623.30,MSg343 MSg294 MSg328 MSg391 MSg87 MSg112 MSg294 MSg171 MSg8 MSg342,unknown,unknown,1,False,R-L,unknown,0.0
1624.10,MSg0 MSg336 MSg89 MSg249 MSg162 MSg342,unknown,unknown,1,False,R-L,unknown,0.0
1625.10,MSg65 MSg211,unknown,unknown,1,False,R-L,unknown,0.0
1625.20,MSg98 MSg319 MSg51 MSg130,unknown,unknown,1,False,R-L,unknown,0.0
1625.30,MSg245 MSg342 MSg1,unknown,unknown,1,False,R-L,unknown,0.0
1626.10,MSg245 MSg245 MSg307 MSg342 MSg176 MSg86 MSg326 MSg0,unknown,unknown,1,False,R-L,unknown,0.0
1628.10,MSg59 MSg403 MSg87 MSg342,unknown,unknown,1,False,R-L,unknown,0.0
1628.20,MSg59 MSg53 MSg216 MSg254,unknown,unknown,1,False,R-L,unknown,0.0
1629.10,MSg267 MSg99 MSg67 MSg403 MSg87 MSg342,unknown,unknown,1,False,R-L,unknown,0.0
1630.0,MSg293 MSg123 MSg343 MSg171 MSg8 MSg342,unknown,unknown,1,False,R-L,unknown,0.0
1701.10,MSg389 MSg72 MSg48 MSg342,unknown,unknown,1,False,R-L,unknown,0.0
1702.10,MSg389 MSg72 MSg326 MSg342,unknown,unknown,1,False,R-L,unknown,50.0
1703.10,MSg112 MSg194 MSg327 MSg342,unknown,unknown,1,False,R-L,unknown,0.0
1704.10,MSg102 MSg190,unknown,unknown,1,False,R-L,unknown,0.0
1704.20,MSg336 MSg89 MSg296 MSg342 MSg98,unknown,unknown,1,False,R-L,unknown,0.0
1705.10,MSg65 MSg336 MSg89 MSg407 MSg169 MSg183 MSg169,unknown,unknown,1,False,R-L,unknown,0.0
1706.10,MSg65 MSg336 MSg89 MSg407 MSg169 MSg183 MSg169,unknown,unknown,1,False,R-L,unknown,0.0
1707.10,MSg204 MSg245 MSg342,unknown,unknown,1,False,R-L,unknown,0.0
1708.10,MSg204 MSg245 MSg358 MSg342,unknown,unknown,1,False,R-L,unknown,0.0
1709.10,MSg53 MSg67 MSg407 MSg124 MSg169,unknown,unknown,1,False,R-L,unknown,0.0
1710.10,MSg345 MSg341 MSg18 MSg252 MSg97 MSg25 MSg245 MSg245,unknown,unknown,1,False,R-L,unknown,0.0
1711.10,MSg336 MSg89 MSg296 MSg342,unknown,unknown,1,False,R-L,unknown,0.0
1712.10,MSg204 MSg245 MSg358 MSg342,unknown,unknown,1,False,R-L,unknown,0.0
1713.10,MSg51 MSg130 MSg149 MSg342 MSg123 MSg102 MSg190,unknown,unknown,1,False,R-L,unknown,0.0
1714.10,MSg87 MSg155 MSg169,unknown,unknown,1,False,R-L,unknown,0.0
1715.0,MSg0 MSg245 MSg358 MSg342,unknown,unknown,1,False,R-L,unknown,0.0
1801.10,MSg389 MSg72 MSg48 MSg342,unknown,unknown,1,False,R-L,unknown,0.0
1802.10,MSg389 MSg65 MSg72 MSg336 MSg89 MSg194 MSg169,unknown,unknown,1,False,R-L,unknown,0.0
1803.10,MSg70 MSg112 MSg194 MSg18 MSg211 MSg87 MSg169,unknown,unknown,1,False,R-L,unknown,0.0
1804.10,MSg204 MSg245 MSg358 MSg342,unknown,unknown,1,False,R-L,unknown,0.0
1805.10,MSg171 MSg59 MSg407 MSg169,unknown,unknown,1,False,R-L,unknown,0.0
1806.10,MSg204 MSg245 MSg358 MSg342,unknown,unknown,1,False,R-L,unknown,0.0
1813.0,MSg0 MSg387 MSg67 MSg216 MSg0,unknown,unknown,1,False,R-L,unknown,20.0
1902.0,MSg336 MSg89 MSg87 MSg373,unknown,unknown,1,False,R-L,unknown,0.0
1903.0,MSg101 MSg319,unknown,unknown,1,False,R-L,unknown,0.0
1904.0,MSg106 MSg342,unknown,unknown,1,False,R-L,unknown,0.0
1905.0,MSg17 MSg293 MSg0,unknown,unknown,1,False,R-L,unknown,0.0
2002.0,MSg403 MSg302 MSg99 MSg87 MSg57 MSg342,unknown,unknown,1,False,R-L,unknown,0.0
2004.0,MSg51 MSg371 MSg59,unknown,unknown,1,False,R-L,unknown,0.0
2005.0,MSg249 MSg391,unknown,unknown,1,False,R-L,unknown,0.0
2006.0,MSg389 MSg336 MSg89 MSg249 MSg0,unknown,unknown,1,False,R-L,unknown,0.0
2007.0,MSg267 MSg402 MSg204 MSg112 MSg347 MSg342,unknown,unknown,1,False,R-L,unknown,16.67
2008.0,MSg104 MSg169,unknown,unknown,1,False,R-L,unknown,0.0
2010.0,MSg293 MSg123 MSg343 MSg216 MSg254,unknown,unknown,1,False,R-L,unknown,0.0
2011.0,MSg267 MSg99 MSg111 MSg347 MSg342,unknown,unknown,1,False,R-L,unknown,20.0
2012.0,MSg287 MSg112 MSg194 MSg342,unknown,unknown,1,False,R-L,unknown,0.0
2013.0,MSg267 MSg99 MSg112 MSg197 MSg342 MSg139,unknown,unknown,1,False,R-L,unknown,16.67
2014.0,MSg242 MSg342,unknown,unknown,1,False,R-L,unknown,0.0
2015.0,MSg336 MSg89 MSg211,unknown,unknown,1,False,R-L,unknown,0.0
2016.0,MSg293 MSg176 MSg176 MSg150 MSg123 MSg51,unknown,unknown,1,False,R-L,unknown,0.0
2018.0,MSg214 MSg287 MSg87 MSg244 MSg28 MSg162 MSg99 MSg136 MSg193 MSg12,unknown,unknown,1,False,R-L,unknown,0.0
2019.0,MSg417 MSg267 MSg99 MSg87 MSg59 MSg65 MSg222 MSg254,unknown,unknown,1,False,R-L,unknown,25.0
2020.0,MSg0 MSg341 MSg327 MSg15,unknown,unknown,1,False,R-L,unknown,0.0
2021.0,MSg99 MSg380 MSg342,unknown,unknown,1,False,R-L,unknown,0.0
2022.0,MSg391 MSg97 MSg53 MSg72 MSg373 MSg287 MSg342,unknown,unknown,1,False,R-L,unknown,0.0
2023.0,MSg150 MSg98 MSg178 MSg389 MSg15,unknown,unknown,1,False,R-L,unknown,0.0
2024.1,MSg87 MSg244 MSg81 MSg99 MSg155 MSg70,unknown,unknown,1,False,R-L,unknown,0.0
2024.2,MSg87 MSg59 MSg336 MSg89 MSg0,unknown,unknown,1,False,R-L,unknown,0.0
2025.0,MSg245 MSg98 MSg112 MSg169,unknown,unknown,1,False,R-L,unknown,0.0
2026.0,MSg67 MSg211,unknown,unknown,1,False,R-L,unknown,0.0
2027.0,MSg87 MSg244 MSg28 MSg54 MSg99 MSg245 MSg245 MSg87 MSg162,unknown,unknown,1,False,R-L,unknown,0.0
2028.0,MSg0 MSg81 MSg176,unknown,unknown,1,False,R-L,unknown,0.0
2029.0,MSg391 MSg391 MSg97 MSg72 MSg182 MSg293 MSg342,unknown,unknown,1,False,R-L,unknown,14.29
2031.0,MSg267 MSg99 MSg292 MSg342,unknown,unknown,1,False,R-L,unknown,50.0
2032.0,MSg051 MSg155 MSg345 MSg112 MSg194 MSg336 MSg89 MSg0,unknown,unknown,1,False,R-L,unknown,12.5
2033.0,MSg204 MSg233 MSg59 MSg99 MSg389 MSg65 MSg67 MSg121 MSg342,unknown,unknown,1,False,R-L,unknown,0.0
2034.0,MSg0 MSg123 MSg87 MSg59 MSg65 MSg155 MSg211,unknown,unknown,1,False,R-L,unknown,0.0
2035.0,MSg328 MSg328 MSg176 MSg176,unknown,unknown,1,False,R-L,unknown,0.0
2038.0,MSg391 MSg99 MSg212 MSg176 MSg86 MSg161,unknown,unknown,1,False,R-L,unknown,0.0
2039.0,MSg178 MSg389 MSg15,unknown,unknown,1,False,R-L,unknown,0.0
2040.0,MSg230 MSg347 MSg342,unknown,unknown,1,False,R-L,unknown,33.33
2041.0,MSg293 MSg123 MSg344 MSg53 MSg87 MSg60,unknown,unknown,1,False,R-L,unknown,0.0
2042.0,MSg267 MSg99 MSg70 MSg0,unknown,unknown,1,False,R-L,unknown,0.0
2043.0,MSg293 MSg323 MSg323 MSg384 MSg176 MSg176,unknown,unknown,1,False,R-L,unknown,0.0
2044.0,MSg131 MSg99 MSg87 MSg60 MSg98 MSg0,unknown,unknown,1,False,R-L,unknown,0.0
2045.10,MSg250 MSg264 MSg127 MSg347 MSg342,unknown,unknown,1,False,R-L,unknown,0.0
2045.20,MSg88,unknown,unknown,1,False,R-L,unknown,0.0
2046.0,MSg389 MSg87 MSg59 MSg249 MSg169 MSg342,unknown,unknown,1,False,R-L,unknown,0.0
2047.0,MSg67 MSg211,unknown,unknown,1,False,R-L,unknown,0.0
2048.0,MSg267 MSg99 MSg67 MSg171 MSg8 MSg342,unknown,unknown,1,False,R-L,unknown,0.0
2049.0,MSg102 MSg288 MSg87 MSg249 MSg180 MSg323 MSg323 MSg29,unknown,unknown,1,False,R-L,unknown,0.0
2050.0,MSg245 MSg245 MSg343 MSg48 MSg8 MSg342,unknown,unknown,1,False,R-L,unknown,0.0
2051.0,MSg267 MSg99 MSg258 MSg347 MSg342,unknown,unknown,1,False,R-L,unknown,0.0
2052.0,MSg327 MSg186 MSg381 MSg51 MSg59 MSg67 MSg216 MSg254,unknown,unknown,1,False,R-L,unknown,0.0
2053.0,MSg0 MSg343 MSg86 MSg171 MSg60,unknown,unknown,1,False,R-L,unknown,0.0
2054.0,MSg267 MSg99 MSg87 MSg59 MSg65 MSg253 MSg230 MSg342,unknown,unknown,1,False,R-L,unknown,0.0
2055.0,MSg0 MSg342 MSg125 MSg169,unknown,unknown,1,False,R-L,unknown,0.0
2056.0,MSg391 MSg99 MSg186 MSg301 MSg155 MSg347 MSg342,unknown,unknown,1,False,R-L,unknown,0.0
2057.0,MSg267 MSg99 MSg86 MSg38 MSg342,unknown,unknown,1,False,R-L,unknown,20.0
2058.0,MSg38,unknown,unknown,1,False,R-L,unknown,0.0
2060.0,MSg267 MSg99 MSg222 MSg254,unknown,unknown,1,False,R-L,unknown,0.0
2061.0,MSg345 MSg19 MSg176,unknown,unknown,1,False,R-L,unknown,0.0
2063.0,MSg204 MSg112 MSg347 MSg342,unknown,unknown,1,False,R-L,unknown,0.0
2064.0,MSg150 MSg123 MSg17 MSg293 MSg342 MSg1,unknown,unknown,1,False,R-L,unknown,0.0
2065.0,MSg391 MSg123 MSg348 MSg342,unknown,unknown,1,False,R-L,unknown,0.0
2066.0,MSg245 MSg287 MSg99 MSg86 MSg204 MSg230 MSg342,unknown,unknown,1,False,R-L,unknown,0.0
2067.0,MSg267 MSg99 MSg70 MSg388,unknown,unknown,1,False,R-L,unknown,0.0
2068.0,MSg146 MSg267 MSg99 MSg70 MSg62 MSg342 MSg1,unknown,unknown,1,False,R-L,unknown,0.0
2069.0,MSg391 MSg17 MSg391 MSg381 MSg391 MSg98 MSg171 MSg59 MSg342 MSg139,unknown,unknown,1,False,R-L,unknown,0.0
2070.0,MSg293 MSg123 MSg343 MSg289 MSg342,unknown,unknown,1,False,R-L,unknown,0.0
2071.0,MSg293 MSg123 MSg344 MSg127 MSg98 MSg8 MSg342,unknown,unknown,1,False,R-L,unknown,0.0
2072.0,MSg0 MSg025 MSg245 MSg245,unknown,unknown,1,False,R-L,unknown,25.0
2073.0,MSg25 MSg245 MSg245,unknown,unknown,1,False,R-L,unknown,0.0
2074.0,MSg150 MSg123 MSg228 MSg342 MSg1,unknown,unknown,1,False,R-L,unknown,0.0
2075.0,MSg186 MSg333 MSg99 MSg59 MSg211,unknown,unknown,1,False,R-L,unknown,0.0
2076.0,MSg2 MSg12,unknown,unknown,1,False,R-L,unknown,0.0
2077.0,MSg0 MSg345 MSg41 MSg76 MSg102 MSg190,unknown,unknown,1,False,R-L,unknown,0.0
2079.0,MSg267 MSg99 MSg67 MSg205 MSg245 MSg342,unknown,unknown,1,False,R-L,unknown,0.0
2080.0,MSg267 MSg99 MSg102 MSg162,unknown,unknown,1,False,R-L,unknown,0.0
2081.0,MSg267 MSg99 MSg387 MSg67 MSg72 MSg211,unknown,unknown,1,False,R-L,unknown,0.0
2082.0,MSg215 MSg102 MSg15,unknown,unknown,1,False,R-L,unknown,0.0
2083.1,MSg267 MSg99 MSg72 MSg67 MSg8 MSg342,unknown,unknown,1,False,R-L,unknown,0.0
2083.2,MSg144,unknown,unknown,1,False,R-L,unknown,0.0
2084.0,MSg102 MSg287 MSg329 MSg343 MSg387 MSg65 MSg224,unknown,unknown,1,False,R-L,unknown,0.0
2085.0,MSg267 MSg99 MSg102 MSg17 MSg336 MSg51 MSg342,unknown,unknown,1,False,R-L,unknown,0.0
2086.0,MSg261 MSg213 MSg343 MSg389 MSg53 MSg342 MSg242,unknown,unknown,1,False,R-L,unknown,0.0
2087.0,MSg72 MSg87 MSg284 MSg342,unknown,unknown,1,False,R-L,unknown,0.0
2088.0,MSg102 MSg36 MSg245 MSg245,unknown,unknown,1,False,R-L,unknown,0.0
2089.0,MSg0 MSg99 MSg48 MSg342,unknown,unknown,1,False,R-L,unknown,0.0
2090.0,MSg106 MSg162 MSg51 MSg130,unknown,unknown,1,False,R-L,unknown,0.0
2091.0,MSg51 MSg130 MSg149 MSg342,unknown,unknown,1,False,R-L,unknown,0.0
2092.0,MSg244 MSg184 MSg252 MSg99 MSg109 MSg0,unknown,unknown,1,False,R-L,unknown,0.0
2093.0,MSg377,unknown,unknown,1,False,R-L,unknown,0.0
2094.0,MSg124 MSg247 MSg387 MSg259 MSg342,unknown,unknown,1,False,R-L,unknown,0.0
2095.0,MSg0 MSg51 MSg186 MSg81,unknown,unknown,1,False,R-L,unknown,0.0
2097.0,MSg204 MSg245 MSg102 MSg287 MSg342,unknown,unknown,1,False,R-L,unknown,0.0
2098.0,MSg143 MSg286 MSg59 MSg99 MSg72 MSg341 MSg342,unknown,unknown,1,False,R-L,unknown,0.0
2099.0,MSg147 MSg195 MSg343 MSg325 MSg109 MSg59 MSg347 MSg342,unknown,unknown,1,False,R-L,unknown,0.0
2100.0,MSg267 MSg99 MSg124 MSg169,unknown,unknown,1,False,R-L,unknown,0.0
2101.0,MSg41 MSg161 MSg391,unknown,unknown,1,False,R-L,unknown,0.0
2102.0,MSg267 MSg99 MSg348 MSg342,unknown,unknown,1,False,R-L,unknown,0.0
2103.0,MSg267 MSg99 MSg87 MSg150 MSg201 MSg342 MSg98 MSg175,unknown,unknown,1,False,R-L,unknown,0.0
2104.0,MSg0 MSg67 MSg48 MSg342,unknown,unknown,1,False,R-L,unknown,0.0
2105.0,MSg336 MSg17 MSg402,unknown,unknown,1,False,R-L,unknown,0.0
2106.0,MSg295 MSg87 MSg19,unknown,unknown,1,False,R-L,unknown,0.0
2107.0,MSg336 MSg51 MSg130 MSg53 MSg99 MSg124 MSg25 MSg176 MSg342,unknown,unknown,1,False,R-L,unknown,0.0
2108.0,MSg25 MSg15,unknown,unknown,1,False,R-L,unknown,0.0
2109.0,MSg249 MSg89 MSg233 MSg123 MSg86 MSg59 MSg395 MSg99 MSg51 MSg130 MSg28,unknown,unknown,1,False,R-L,unknown,0.0
2110.0,MSg72 MSg336 MSg089 MSg211,unknown,unknown,1,False,R-L,unknown,50.0
2111.0,MSg89 MSg3 MSg99 MSg336 MSg244 MSg17 MSg134 MSg86 MSg415,unknown,unknown,1,False,R-L,unknown,0.0
2112.0,MSg175 MSg180 MSg0,unknown,unknown,1,False,R-L,unknown,0.0
2113.0,MSg106 MSg15,unknown,unknown,1,False,R-L,unknown,0.0
2114.0,MSg403 MSg87 MSg319 MSg249,unknown,unknown,1,False,R-L,unknown,0.0
2115.0,MSg293 MSg123 MSg343 MSg403 MSg87 MSg342,unknown,unknown,1,False,R-L,unknown,0.0
2116.0,MSg67 MSg008 MSg0,unknown,unknown,1,False,R-L,unknown,33.33
2117.0,MSg57 MSg343 MSg87 MSg294 MSg342,unknown,unknown,1,False,R-L,unknown,0.0
2118.0,MSg70 MSg327 MSg128 MSg124 MSg169,unknown,unknown,1,False,R-L,unknown,0.0
2119.1,MSg163 MSg252 MSg261 MSg134 MSg98 MSg391 MSg391,unknown,unknown,1,False,R-L,unknown,0.0
2119.2,MSg336 MSg210 MSg402,unknown,unknown,1,False,R-L,unknown,0.0
2120.0,MSg214 MSg99 MSg389 MSg67 MSg112 MSg197 MSg342 MSg139,unknown,unknown,1,False,R-L,unknown,0.0
2121.0,MSg124 MSg25 MSg176 MSg342,unknown,unknown,1,False,R-L,unknown,0.0
2122.0,MSg216 MSg123 MSg87 MSg294 MSg342,unknown,unknown,1,False,R-L,unknown,0.0
2123.0,MSg387 MSg72 MSg67 MSg336 MSg89 MSg211,unknown,unknown,1,False,R-L,unknown,0.0
2124.0,MSg86 MSg012,unknown,unknown,1,False,R-L,unknown,50.0
2125.0,MSg293 MSg56 MSg252 MSg97 MSg358 MSg342,unknown,unknown,1,False,R-L,unknown,0.0
2126.0,MSg337 MSg97 MSg0,unknown,unknown,1,False,R-L,unknown,0.0
2127.0,MSg114 MSg162,unknown,unknown,1,False,R-L,unknown,0.0
2128.0,MSg17 MSg293 MSg54 MSg180 MSg99 MSg109 MSg59 MSg342 MSg1,unknown,unknown,1,False,R-L,unknown,0.0
2129.0,MSg398 MSg379 MSg343 MSg65 MSg72 MSg121 MSg222 MSg254,unknown,unknown,1,False,R-L,unknown,0.0
2130.0,MSg127 MSg97 MSg391 MSg99 MSg87 MSg325 MSg211,unknown,unknown,1,False,R-L,unknown,0.0
2131.0,MSg264 MSg341 MSg347 MSg342 MSg1,unknown,unknown,1,False,R-L,unknown,0.0
2132.0,MSg267 MSg99 MSg70 MSg211,unknown,unknown,1,False,R-L,unknown,0.0
2133.0,MSg59,unknown,unknown,1,False,R-L,unknown,0.0
2134.0,MSg208 MSg97 MSg86 MSg2 MSg12,unknown,unknown,1,False,R-L,unknown,0.0
2136.0,MSg267 MSg99 MSg65 MSg0,unknown,unknown,1,False,R-L,unknown,0.0
2137.0,MSg87 MSg244 MSg162 MSg342 MSg0,unknown,unknown,1,False,R-L,unknown,0.0
2138.0,MSg389 MSg53 MSg72 MSg327 MSg128 MSg342 MSg294 MSg375,unknown,unknown,1,False,R-L,unknown,0.0
2139.0,MSg406 MSg162 MSg176,unknown,unknown,1,False,R-L,unknown,0.0
2140.0,MSg330 MSg176 MSg99 MSg124 MSg342,unknown,unknown,1,False,R-L,unknown,0.0
2141.0,MSg202 MSg403 MSg99 MSg78 MSg347 MSg342,unknown,unknown,1,False,R-L,unknown,0.0
2142.0,MSg65 MSg222 MSg254,unknown,unknown,1,False,R-L,unknown,0.0
2143.0,MSg171 MSg59 MSg182 MSg293 MSg211,unknown,unknown,1,False,R-L,unknown,0.0
2144.0,MSg182 MSg293 MSg342,unknown,unknown,1,False,R-L,unknown,0.0
2145.0,MSg48 MSg342 MSg17 MSg406 MSg162,unknown,unknown,1,False,R-L,unknown,0.0
2146.0,MSg391 MSg123 MSg65 MSg67 MSg233 MSg342,unknown,unknown,1,False,R-L,unknown,0.0
2147.0,MSg391 MSg99 MSg406 MSg162 MSg242,unknown,unknown,1,False,R-L,unknown,0.0
2148.0,MSg41 MSg304 MSg176,unknown,unknown,1,False,R-L,unknown,0.0
2151.0,MSg0 MSg220 MSg0,unknown,unknown,1,False,R-L,unknown,0.0
2152.0,MSg124 MSg84 MSg402 MSg342,unknown,unknown,1,False,R-L,unknown,0.0
2153.0,MSg69,unknown,unknown,1,False,R-L,unknown,0.0
2154.0,MSg173 MSg342,unknown,unknown,1,False,R-L,unknown,0.0
2155.0,MSg124 MSg409 MSg96 MSg342 MSg1,unknown,unknown,1,False,R-L,unknown,0.0
2157.0,MSg305 MSg123 MSg86 MSg136 MSg193 MSg342,unknown,unknown,1,False,R-L,unknown,0.0
2158.0,MSg173 MSg342,unknown,unknown,1,False,R-L,unknown,0.0
2159.0,MSg175 MSg230 MSg53 MSg15,unknown,unknown,1,False,R-L,unknown,0.0
2160.0,MSg391 MSg391 MSg343 MSg249 MSg162 MSg342,unknown,unknown,1,False,R-L,unknown,0.0
2161.0,MSg67 MSg211,unknown,unknown,1,False,R-L,unknown,0.0
2162.0,MSg391 MSg99 MSg53 MSg87 MSg59 MSg121 MSg342,unknown,unknown,1,False,R-L,unknown,0.0
2163.0,MSg0 MSg222 MSg254 MSg121 MSg342,unknown,unknown,1,False,R-L,unknown,0.0
2164.0,MSg391 MSg99 MSg59 MSg8 MSg342,unknown,unknown,1,False,R-L,unknown,0.0
2165.0,MSg0 MSg149 MSg294 MSg342,unknown,unknown,1,False,R-L,unknown,0.0
2166.0,MSg173 MSg180 MSg99 MSg127 MSg347 MSg342,unknown,unknown,1,False,R-L,unknown,0.0
2167.0,MSg90 MSg242,unknown,unknown,1,False,R-L,unknown,0.0
2168.0,MSg391 MSg99 MSg171 MSg8 MSg342,unknown,unknown,1,False,R-L,unknown,0.0
2169.0,MSg328 MSg307 MSg402 MSg301 MSg155 MSg211 MSg242,unknown,unknown,1,False,R-L,unknown,0.0
2170.0,MSg0 MSg244 MSg98 MSg178 MSg389 MSg15,unknown,unknown,1,False,R-L,unknown,16.67
2171.0,MSg87 MSg322 MSg99 MSg87 MSg59 MSg71,unknown,unknown,1,False,R-L,unknown,0.0
2173.0,MSg379 MSg245 MSg245,unknown,unknown,1,False,R-L,unknown,0.0
2174.0,MSg87 MSg230 MSg180 MSg99 MSg70 MSg53 MSg342,unknown,unknown,1,False,R-L,unknown,0.0
2175.0,MSg190 MSg59 MSg176,unknown,unknown,1,False,R-L,unknown,0.0
2176.0,MSg249 MSg162 MSg391,unknown,unknown,1,False,R-L,unknown,0.0
2177.0,MSg267 MSg99 MSg48 MSg342 MSg1,unknown,unknown,1,False,R-L,unknown,0.0
2178.0,MSg267 MSg99 MSg173 MSg403 MSg347 MSg342 MSg400 MSg307,unknown,unknown,1,False,R-L,unknown,0.0
2179.0,MSg267 MSg99 MSg409 MSg96 MSg342 MSg001,unknown,unknown,1,False,R-L,unknown,33.33
2180.0,MSg267 MSg99 MSg102 MSg162,unknown,unknown,1,False,R-L,unknown,0.0
2181.0,MSg48 MSg342,unknown,unknown,1,False,R-L,unknown,0.0
2182.0,MSg249 MSg169 MSg0,unknown,unknown,1,False,R-L,unknown,0.0
2183.0,MSg53 MSg171 MSg59 MSg211,unknown,unknown,1,False,R-L,unknown,0.0
2184.0,MSg371 MSg225 MSg344 MSg67 MSg98 MSg347 MSg342,unknown,unknown,1,False,R-L,unknown,0.0
2185.0,MSg203 MSg344 MSg66 MSg375 MSg89,unknown,unknown,1,False,R-L,unknown,0.0
2186.0,MSg65 MSg67 MSg121 MSg12,unknown,unknown,1,False,R-L,unknown,0.0
2187.0,MSg150 MSg87 MSg277,unknown,unknown,1,False,R-L,unknown,0.0
2188.0,MSg0 MSg123 MSg328 MSg012,unknown,unknown,1,False,R-L,unknown,25.0
2189.0,MSg67 MSg244 MSg0,unknown,unknown,1,False,R-L,unknown,0.0
2190.0,MSg302 MSg123 MSg398 MSg160 MSg307 MSg176,unknown,unknown,1,False,R-L,unknown,0.0
2191.0,MSg181 MSg319 MSg97 MSg102 MSg190,unknown,unknown,1,False,R-L,unknown,0.0
2192.0,MSg0 MSg17 MSg406 MSg162,unknown,unknown,1,False,R-L,unknown,0.0
2193.0,MSg202 MSg343 MSg65 MSg67 MSg72 MSg211,unknown,unknown,1,False,R-L,unknown,0.0
2195.0,MSg0 MSg192 MSg347 MSg342,unknown,unknown,1,False,R-L,unknown,0.0
2196.0,MSg72 MSg388 MSg176,unknown,unknown,1,False,R-L,unknown,0.0
2197.0,MSg87 MSg322 MSg99 MSg65 MSg72 MSg336 MSg89 MSg390 MSg327 MSg342,unknown,unknown,1,False,R-L,unknown,10.0
2198.0,MSg216 MSg123 MSg109 MSg162,unknown,unknown,1,False,R-L,unknown,0.0
2199.0,MSg286 MSg99 MSg68,unknown,unknown,1,False,R-L,unknown,0.0
2200.0,MSg153 MSg153 MSg342,unknown,unknown,1,False,R-L,unknown,0.0
2201.0,MSg186 MSg347 MSg342,unknown,unknown,1,False,R-L,unknown,0.0
2202.0,MSg244 MSg230 MSg99 MSg124 MSg342,unknown,unknown,1,False,R-L,unknown,20.0
2203.0,MSg23 MSg86 MSg15,unknown,unknown,1,False,R-L,unknown,0.0
2204.0,MSg403 MSg17 MSg56 MSg249 MSg0,unknown,unknown,1,False,R-L,unknown,20.0
2205.0,MSg389 MSg53 MSg171 MSg59 MSg373 MSg287 MSg342,unknown,unknown,1,False,R-L,unknown,0.0
2206.0,MSg395 MSg402 MSg0,unknown,unknown,1,False,R-L,unknown,0.0
2207.0,MSg155 MSg343 MSg171 MSg59 MSg53 MSg342,unknown,unknown,1,False,R-L,unknown,0.0
2208.0,MSg328 MSg391 MSg99 MSg70 MSg336 MSg89 MSg211,unknown,unknown,1,False,R-L,unknown,0.0
2209.0,MSg059 MSg0,unknown,unknown,1,False,R-L,unknown,50.0
2211.0,MSg387 MSg87 MSg60,unknown,unknown,1,False,R-L,unknown,0.0
2213.0,MSg336 MSg89 MSg98 MSg358 MSg342,unknown,unknown,1,False,R-L,unknown,0.0
2214.0,MSg112 MSg194 MSg342,unknown,unknown,1,False,R-L,unknown,0.0
2215.0,MSg106 MSg169,unknown,unknown,1,False,R-L,unknown,0.0
2216.0,MSg175 MSg180 MSg99 MSg338 MSg342,unknown,unknown,1,False,R-L,unknown,0.0
2217.0,MSg0 MSg1 MSg1,unknown,unknown,1,False,R-L,unknown,0.0
2219.0,MSg50 MSg343 MSg375 MSg375 MSg81 MSg342,unknown,unknown,1,False,R-L,unknown,0.0
2220.10,MSg182 MSg149,unknown,unknown,1,False,R-L,unknown,0.0
2220.20,MSg216 MSg123 MSg149 MSg342,unknown,unknown,1,False,R-L,unknown,0.0
2221.0,MSg389 MSg65 MSg67 MSg296 MSg342,unknown,unknown,1,False,R-L,unknown,0.0
2222.0,MSg150 MSg123 MSg70 MSg294 MSg342,unknown,unknown,1,False,R-L,unknown,0.0
2224.0,MSg267 MSg99 MSg67 MSg153 MSg153 MSg347 MSg342,unknown,unknown,1,False,R-L,unknown,0.0
2225.0,MSg212 MSg87 MSg341,unknown,unknown,1,False,R-L,unknown,0.0
2226.0,MSg73,unknown,unknown,1,False,R-L,unknown,0.0
2227.0,MSg389 MSg87 MSg59 MSg67 MSg121 MSg342,unknown,unknown,1,False,R-L,unknown,0.0
2228.1,MSg244 MSg83 MSg99 MSg67 MSg0,unknown,unknown,1,False,R-L,unknown,0.0
2228.2,MSg87 MSg244 MSg28 MSg162 MSg0,unknown,unknown,1,False,R-L,unknown,20.0
2228.3,MSg0,unknown,unknown,1,False,R-L,unknown,0.0
2229.10,MSg104 MSg59 MSg211,unknown,unknown,1,False,R-L,unknown,0.0
2229.20,MSg267 MSg99 MSg51 MSg130 MSg149 MSg342,unknown,unknown,1,False,R-L,unknown,0.0
2230.0,MSg0 MSg87 MSg59 MSg155 MSg162,unknown,unknown,1,False,R-L,unknown,0.0
2231.0,MSg387 MSg53 MSg171 MSg59 MSg98 MSg347 MSg342,unknown,unknown,1,False,R-L,unknown,0.0
2232.0,MSg386 MSg65 MSg59 MSg327 MSg342,unknown,unknown,1,False,R-L,unknown,0.0
2233.0,MSg215 MSg298 MSg86 MSg109 MSg59 MSg342 MSg1,unknown,unknown,1,False,R-L,unknown,0.0
2234.0,MSg336 MSg162 MSg100 MSg66,unknown,unknown,1,False,R-L,unknown,0.0
2235.1,MSg0 MSg99 MSg68,unknown,unknown,1,False,R-L,unknown,0.0
2235.2,MSg59 MSg267,unknown,unknown,1,False,R-L,unknown,50.0
2236.0,MSg249 MSg169 MSg53 MSg342,unknown,unknown,1,False,R-L,unknown,25.0
2237.0,MSg267 MSg343 MSg87 MSg155 MSg124 MSg169 MSg296 MSg342,unknown,unknown,1,False,R-L,unknown,0.0
2238.0,MSg34 MSg99 MSg65 MSg301 MSg347 MSg342,unknown,unknown,1,False,R-L,unknown,0.0
2239.0,MSg75 MSg12,unknown,unknown,1,False,R-L,unknown,0.0
2240.0,MSg102 MSg25 MSg245 MSg245,unknown,unknown,1,False,R-L,unknown,0.0
2241.0,MSg48 MSg28 MSg169,unknown,unknown,1,False,R-L,unknown,0.0
2242.0,MSg255 MSg11 MSg15,unknown,unknown,1,False,R-L,unknown,0.0
2243.0,MSg150 MSg123 MSg70 MSg127 MSg342,unknown,unknown,1,False,R-L,unknown,20.0
2244.0,MSg216 MSg254,unknown,unknown,1,False,R-L,unknown,0.0
2246.0,MSg372 MSg99 MSg403 MSg87 MSg342,unknown,unknown,1,False,R-L,unknown,0.0
2247.0,MSg150 MSg123 MSg65 MSg67 MSg348 MSg342,unknown,unknown,1,False,R-L,unknown,16.67
2249.0,MSg102 MSg25,unknown,unknown,1,False,R-L,unknown,0.0
2250.0,MSg86 MSg327 MSg99 MSg102 MSg190,unknown,unknown,1,False,R-L,unknown,0.0
2251.0,MSg267 MSg99 MSg336 MSg89 MSg211,unknown,unknown,1,False,R-L,unknown,0.0
2252.0,MSg0 MSg67 MSg403 MSg87 MSg342,unknown,unknown,1,False,R-L,unknown,0.0
2253.0,MSg344 MSg347 MSg342,unknown,unknown,1,False,R-L,unknown,0.0
2254.0,MSg106 MSg287 MSg342 MSg1,unknown,unknown,1,False,R-L,unknown,0.0
2255.0,MSg267 MSg99 MSg375 MSg375 MSg342 MSg1,unknown,unknown,1,False,R-L,unknown,0.0
2256.0,MSg267 MSg99 MSg86 MSg67 MSg244 MSg0,unknown,unknown,1,False,R-L,unknown,0.0
2257.0,MSg139 MSg99 MSg15 MSg244 MSg342,unknown,unknown,1,False,R-L,unknown,0.0
2258.0,MSg48 MSg342,unknown,unknown,1,False,R-L,unknown,0.0
2260.0,MSg87 MSg59 MSg67 MSg89 MSg381 MSg342,unknown,unknown,1,False,R-L,unknown,0.0
2261.0,MSg392,unknown,unknown,1,False,R-L,unknown,0.0
2262.0,MSg267 MSg99 MSg113 MSg342,unknown,unknown,1,False,R-L,unknown,0.0
2263.0,MSg373 MSg162 MSg343 MSg249 MSg162 MSg342,unknown,unknown,1,False,R-L,unknown,0.0
2264.1,MSg197 MSg32 MSg123 MSg287 MSg319 MSg342,unknown,unknown,1,False,R-L,unknown,0.0
2264.2,MSg235,unknown,unknown,1,False,R-L,unknown,0.0
2265.0,MSg243 MSg267 MSg0,unknown,unknown,1,False,R-L,unknown,0.0
2266.0,MSg354 MSg319 MSg123 MSg40 MSg0,unknown,unknown,1,False,R-L,unknown,0.0
2267.0,MSg306 MSg114 MSg162,unknown,unknown,1,False,R-L,unknown,0.0
2268.0,MSg391 MSg99 MSg214 MSg342,unknown,unknown,1,False,R-L,unknown,0.0
2269.0,MSg162 MSg342,unknown,unknown,1,False,R-L,unknown,0.0
2270.0,MSg406 MSg162,unknown,unknown,1,False,R-L,unknown,0.0
2271.0,MSg391 MSg28 MSg169 MSg99 MSg65 MSg72 MSg67 MSg244 MSg342,unknown,unknown,1,False,R-L,unknown,0.0
2272.0,MSg387 MSg67 MSg348 MSg342,unknown,unknown,1,False,R-L,unknown,0.0
2273.0,MSg216 MSg123 MSg171 MSg59 MSg336 MSg89 MSg216 MSg254,unknown,unknown,1,False,R-L,unknown,0.0
2274.0,MSg2 MSg176,unknown,unknown,1,False,R-L,unknown,0.0
2275.0,MSg0 MSg65 MSg67 MSg336 MSg89 MSg211,unknown,unknown,1,False,R-L,unknown,0.0
2276.0,MSg267 MSg99 MSg28 MSg1,unknown,unknown,1,False,R-L,unknown,0.0
2277.0,MSg0 MSg249 MSg169 MSg342,unknown,unknown,1,False,R-L,unknown,25.0
2278.0,MSg0 MSg387 MSg87 MSg284 MSg294 MSg342,unknown,unknown,1,False,R-L,unknown,0.0
2279.1,MSg162 MSg1 MSg0,unknown,unknown,1,False,R-L,unknown,0.0
2279.2,MSg242,unknown,unknown,1,False,R-L,unknown,0.0
2280.0,MSg197 MSg249 MSg343 MSg67 MSg211,unknown,unknown,1,False,R-L,unknown,0.0
2281.0,MSg375 MSg99 MSg67 MSg342 MSg216 MSg254,unknown,unknown,1,False,R-L,unknown,0.0
2282.0,MSg53 MSg171 MSg59 MSg48 MSg342,unknown,unknown,1,False,R-L,unknown,0.0
2283.0,MSg398 MSg99 MSg25 MSg176 MSg342,unknown,unknown,1,False,R-L,unknown,0.0
2284.0,MSg336 MSg209 MSg343 MSg389 MSg296 MSg342,unknown,unknown,1,False,R-L,unknown,0.0
2285.0,MSg26 MSg100 MSg87 MSg59 MSg38 MSg342,unknown,unknown,1,False,R-L,unknown,0.0
2286.0,MSg343 MSg391 MSg99 MSg86 MSg75 MSg12,unknown,unknown,1,False,R-L,unknown,0.0
2288.0,MSg267 MSg99 MSg48 MSg233 MSg342,unknown,unknown,1,False,R-L,unknown,0.0
2289.0,MSg284 MSg14 MSg176,unknown,unknown,1,False,R-L,unknown,0.0
2290.0,MSg267 MSg99 MSg204 MSg230 MSg301 MSg155 MSg347 MSg342,unknown,unknown,1,False,R-L,unknown,0.0
2291.0,MSg59 MSg48 MSg342,unknown,unknown,1,False,R-L,unknown,0.0
2292.0,MSg17 MSg345 MSg25 MSg245 MSg245,unknown,unknown,1,False,R-L,unknown,0.0
2293.0,MSg124 MSg12,unknown,unknown,1,False,R-L,unknown,0.0
2294.0,MSg204 MSg245 MSg342,unknown,unknown,1,False,R-L,unknown,0.0
2295.0,MSg292 MSg343 MSg180 MSg140,unknown,unknown,1,False,R-L,unknown,0.0
2296.0,MSg182 MSg293 MSg162,unknown,unknown,1,False,R-L,unknown,0.0
2297.0,MSg86 MSg210 MSg99 MSg389 MSg67 MSg211 MSg97 MSg102,unknown,unknown,1,False,R-L,unknown,0.0
2298.0,MSg293 MSg123 MSg343 MSg112 MSg162,unknown,unknown,1,False,R-L,unknown,0.0
2299.0,MSg0 MSg403,unknown,unknown,1,False,R-L,unknown,0.0
2300.0,MSg249 MSg162 MSg343 MSg296 MSg342,unknown,unknown,1,False,R-L,unknown,0.0
2301.0,MSg194 MSg194 MSg219 MSg345 MSg97 MSg104 MSg169,unknown,unknown,1,False,R-L,unknown,0.0
2302.0,MSg391 MSg99 MSg387 MSg102 MSg287 MSg342,unknown,unknown,1,False,R-L,unknown,0.0
2303.0,MSg72 MSg249 MSg169 MSg0,unknown,unknown,1,False,R-L,unknown,25.0
2304.0,MSg267 MSg402 MSg25 MSg15,unknown,unknown,1,False,R-L,unknown,0.0
2305.0,MSg50 MSg343 MSg67 MSg102 MSg15,unknown,unknown,1,False,R-L,unknown,0.0
2306.0,MSg284 MSg99 MSg9 MSg67 MSg342 MSg224,unknown,unknown,1,False,R-L,unknown,16.67
2307.0,MSg391 MSg99 MSg53 MSg336 MSg89 MSg67 MSg66,unknown,unknown,1,False,R-L,unknown,0.0
2308.0,MSg182 MSg293 MSg342,unknown,unknown,1,False,R-L,unknown,0.0
2309.0,MSg0 MSg402 MSg59 MSg387 MSg342,unknown,unknown,1,False,R-L,unknown,0.0
2310.0,MSg86 MSg250,unknown,unknown,1,False,R-L,unknown,0.0
2311.0,MSg150 MSg123 MSg217 MSg0,unknown,unknown,1,False,R-L,unknown,0.0
2312.1,MSg0 MSg53 MSg342 MSg249 MSg162 MSg342,unknown,unknown,1,False,R-L,unknown,0.0
2312.2,MSg242,unknown,unknown,1,False,R-L,unknown,0.0
2313.0,MSg124 MSg50 MSg375,unknown,unknown,1,False,R-L,unknown,0.0
2314.0,MSg293 MSg123 MSg342 MSg87,unknown,unknown,1,False,R-L,unknown,0.0
2315.0,MSg72 MSg169 MSg342,unknown,unknown,1,False,R-L,unknown,0.0
2316.0,MSg305 MSg123 MSg87 MSg60,unknown,unknown,1,False,R-L,unknown,0.0
2317.0,MSg171 MSg8 MSg342 MSg3 MSg130 MSg124 MSg216 MSg245 MSg245 MSg342,unknown,unknown,1,False,R-L,unknown,0.0
2318.0,MSg59 MSg394 MSg176,unknown,unknown,1,False,R-L,unknown,0.0
2319.0,MSg104 MSg174 MSg99 MSg53 MSg171 MSg0,unknown,unknown,1,False,R-L,unknown,0.0
2321.0,MSg67 MSg284 MSg342,unknown,unknown,1,False,R-L,unknown,33.33
2322.0,MSg162 MSg162 MSg162 MSg162 MSg15,unknown,unknown,1,False,R-L,unknown,0.0
2323.0,MSg271 MSg125 MSg59,unknown,unknown,1,False,R-L,unknown,0.0
2324.0,MSg389 MSg65 MSg211,unknown,unknown,1,False,R-L,unknown,0.0
2325.0,MSg244 MSg336 MSg326 MSg327 MSg99 MSg387 MSg65 MSg59 MSg249 MSg169 MSg342,unknown,unknown,1,False,R-L,unknown,0.0
2326.0,MSg391 MSg123 MSg65 MSg67 MSg296 MSg342,unknown,unknown,1,False,R-L,unknown,0.0
2327.10,MSg267 MSg99 MSg65 MSg67 MSg127 MSg347 MSg342,unknown,unknown,1,False,R-L,unknown,0.0
2327.20,MSg267 MSg099 MSg65 MSg67 MSg127 MSg347 MSg342,unknown,unknown,1,False,R-L,unknown,28.57
2328.0,MSg0 MSg2 MSg012,unknown,unknown,1,False,R-L,unknown,33.33
2331.0,MSg336 MSg251 MSg341 MSg0,unknown,unknown,1,False,R-L,unknown,0.0
2332.1,MSg267 MSg99 MSg086 MSg0,unknown,unknown,1,False,R-L,unknown,25.0
2332.2,MSg374,unknown,unknown,1,False,R-L,unknown,100.0
2333.0,MSg4 MSg99 MSg70 MSg72 MSg249 MSg169 MSg342,unknown,unknown,1,False,R-L,unknown,0.0
2334.0,MSg219 MSg178 MSg67 MSg244 MSg342,unknown,unknown,1,False,R-L,unknown,0.0
2335.0,MSg391 MSg99 MSg386 MSg53 MSg171 MSg59 MSg72 MSg249 MSg162 MSg342,unknown,unknown,1,False,R-L,unknown,0.0
2336.0,MSg121 MSg406 MSg169 MSg222 MSg254,unknown,unknown,1,False,R-L,unknown,0.0
2337.0,MSg293 MSg123 MSg344 MSg70 MSg387 MSg347 MSg342,unknown,unknown,1,False,R-L,unknown,28.57
2338.0,MSg267 MSg99 MSg67 MSg171 MSg8 MSg342 MSg1,unknown,unknown,1,False,R-L,unknown,0.0
2339.10,MSg182 MSg149,unknown,unknown,1,False,R-L,unknown,0.0
2339.20,MSg216 MSg123 MSg149 MSg342,unknown,unknown,1,False,R-L,unknown,0.0
2340.0,MSg152 MSg99 MSg53 MSg59 MSg87 MSg60,unknown,unknown,1,False,R-L,unknown,0.0
2341.0,MSg258 MSg347 MSg342,unknown,unknown,1,False,R-L,unknown,0.0
2342.0,MSg25 MSg15,unknown,unknown,1,False,R-L,unknown,0.0
2343.0,MSg102 MSg015,unknown,unknown,1,False,R-L,unknown,50.0
2344.0,MSg307 MSg343 MSg65 MSg67 MSg12,unknown,unknown,1,False,R-L,unknown,0.0
2345.0,MSg67 MSg25 MSg245 MSg245,unknown,unknown,1,False,R-L,unknown,0.0
2346.0,MSg102 MSg216 MSg245 MSg245,unknown,unknown,1,False,R-L,unknown,0.0
2347.0,MSg319 MSg402 MSg99 MSg176 MSg176,unknown,unknown,1,False,R-L,unknown,0.0
2348.0,MSg249 MSg102 MSg287 MSg99 MSg67 MSg348 MSg342,unknown,unknown,1,False,R-L,unknown,0.0
2349.0,MSg391 MSg97 MSg268 MSg137,unknown,unknown,1,False,R-L,unknown,0.0
2350.0,MSg345 MSg98 MSg25 MSg245 MSg245,unknown,unknown,1,False,R-L,unknown,0.0
2351.0,MSg20 MSg176,unknown,unknown,1,False,R-L,unknown,0.0
2352.11,MSg197 MSg343 MSg252,unknown,unknown,1,False,R-L,unknown,33.33
2352.12,MSg186 MSg233 MSg137,unknown,unknown,1,False,R-L,unknown,33.33
2352.21,MSg345 MSg0,unknown,unknown,1,False,R-L,unknown,0.0
2352.22,MSg0,unknown,unknown,1,False,R-L,unknown,0.0
2353.0,MSg17 MSg336 MSg197 MSg252,unknown,unknown,1,False,R-L,unknown,25.0
2354.0,MSg267 MSg99 MSg102 MSg162,unknown,unknown,1,False,R-L,unknown,0.0
2355.0,MSg198 MSg302 MSg343 MSg113 MSg342,unknown,unknown,1,False,R-L,unknown,0.0
2356.0,MSg216 MSg267 MSg402 MSg0,unknown,unknown,1,False,R-L,unknown,0.0
2357.0,MSg267 MSg99 MSg104 MSg169,unknown,unknown,1,False,R-L,unknown,0.0
2358.0,MSg292 MSg342,unknown,unknown,1,False,R-L,unknown,0.0
2359.0,MSg264 MSg17 MSg171 MSg8 MSg342,unknown,unknown,1,False,R-L,unknown,0.0
2360.0,MSg135 MSg342,unknown,unknown,1,False,R-L,unknown,0.0
2361.0,MSg54 MSg19 MSg81,unknown,unknown,1,False,R-L,unknown,0.0
2362.0,MSg398 MSg217 MSg342,unknown,unknown,1,False,R-L,unknown,0.0
2363.0,MSg267 MSg99 MSg217 MSg403 MSg347 MSg342,unknown,unknown,1,False,R-L,unknown,0.0
2364.0,MSg334 MSg342,unknown,unknown,1,False,R-L,unknown,0.0
2365.0,MSg80 MSg160 MSg343 MSg72 MSg211,unknown,unknown,1,False,R-L,unknown,0.0
2366.1,MSg409 MSg96 MSg19 MSg99,unknown,unknown,1,False,R-L,unknown,0.0
2366.2,MSg59 MSg194 MSg342,unknown,unknown,1,False,R-L,unknown,0.0
2367.0,MSg391 MSg98 MSg87 MSg59 MSg72 MSg336 MSg89 MSg0,unknown,unknown,1,False,R-L,unknown,0.0
2368.0,MSg102 MSg15,unknown,unknown,1,False,R-L,unknown,0.0
2369.0,MSg51 MSg130 MSg149 MSg342 MSg98 MSg174,unknown,unknown,1,False,R-L,unknown,0.0
2370.0,MSg175 MSg28 MSg99 MSg102 MSg162,unknown,unknown,1,False,R-L,unknown,0.0
2371.0,MSg2 MSg14,unknown,unknown,1,False,R-L,unknown,0.0
2372.0,MSg204 MSg245 MSg015,unknown,unknown,1,False,R-L,unknown,33.33
2373.1,MSg307 MSg402 MSg99 MSg171 MSg59 MSg211,unknown,unknown,1,False,R-L,unknown,0.0
2373.2,MSg242,unknown,unknown,1,False,R-L,unknown,0.0
2374.0,MSg102 MSg59 MSg342,unknown,unknown,1,False,R-L,unknown,0.0
2375.0,MSg70 MSg342 MSg12,unknown,unknown,1,False,R-L,unknown,0.0
2377.10,MSg216,unknown,unknown,1,False,R-L,unknown,0.0
2377.20,MSg169,unknown,unknown,1,False,R-L,unknown,0.0
2378.0,MSg387 MSg72 MSg48 MSg342 MSg319 MSg17,unknown,unknown,1,False,R-L,unknown,0.0
2379.0,MSg47 MSg211,unknown,unknown,1,False,R-L,unknown,0.0
2380.0,MSg171 MSg8 MSg342,unknown,unknown,1,False,R-L,unknown,0.0
2381.0,MSg106 MSg287 MSg342,unknown,unknown,1,False,R-L,unknown,0.0
2382.0,MSg106 MSg15,unknown,unknown,1,False,R-L,unknown,0.0
2384.0,MSg389 MSg67 MSg211,unknown,unknown,1,False,R-L,unknown,0.0
2385.0,MSg264 MSg72 MSg171 MSg0,unknown,unknown,1,False,R-L,unknown,0.0
2387.0,MSg391 MSg99 MSg104 MSg169,unknown,unknown,1,False,R-L,unknown,0.0
2388.0,MSg222 MSg254 MSg407 MSg169 MSg0,unknown,unknown,1,False,R-L,unknown,20.0
2389.0,MSg2 MSg12,unknown,unknown,1,False,R-L,unknown,0.0
2390.0,MSg215 MSg17 MSg310 MSg249 MSg307,unknown,unknown,1,False,R-L,unknown,0.0
2391.0,MSg194 MSg99 MSg336 MSg89 MSg211,unknown,unknown,1,False,R-L,unknown,0.0
2392.0,MSg0 MSg153 MSg336 MSg89 MSg390 MSg327 MSg342,unknown,unknown,1,False,R-L,unknown,14.29
2393.0,MSg267 MSg402 MSg70 MSg211 MSg205 MSg249 MSg155 MSg0,unknown,unknown,1,False,R-L,unknown,0.0
2394.10,MSg86 MSg15,unknown,unknown,1,False,R-L,unknown,0.0
2394.20,MSg86 MSg15,unknown,unknown,1,False,R-L,unknown,0.0
2395.0,MSg205 MSg245 MSg48 MSg8 MSg97 MSg89 MSg190,unknown,unknown,1,False,R-L,unknown,0.0
2396.0,MSg389 MSg65 MSg67 MSg204 MSg112 MSg358 MSg342,unknown,unknown,1,False,R-L,unknown,0.0
2397.0,MSg86 MSg136 MSg267 MSg342,unknown,unknown,1,False,R-L,unknown,0.0
2398.1,MSg293 MSg98 MSg65 MSg59 MSg211 MSg150 MSg123 MSg135 MSg342,unknown,unknown,1,False,R-L,unknown,0.0
2398.2,MSg402 MSg55 MSg279 MSg404,unknown,unknown,1,False,R-L,unknown,0.0
2399.0,MSg0 MSg059 MSg216 MSg254,unknown,unknown,1,False,R-L,unknown,25.0
2401.0,MSg086 MSg6 MSg12,unknown,unknown,1,False,R-L,unknown,33.33
2402.0,MSg293 MSg123 MSg343 MSg67 MSg175 MSg206,unknown,unknown,1,False,R-L,unknown,0.0
2403.0,MSg267 MSg99 MSg124 MSg25 MSg342,unknown,unknown,1,False,R-L,unknown,0.0
2404.0,MSg124 MSg409 MSg96 MSg342 MSg1 MSg176,unknown,unknown,1,False,R-L,unknown,0.0
2405.10,MSg293 MSg123 MSg343 MSg65 MSg294 MSg342,unknown,unknown,1,False,R-L,unknown,0.0
2405.21,MSg391 MSg102 MSg137 MSg253,unknown,unknown,1,False,R-L,unknown,0.0
2405.22,MSg409 MSg94 MSg409 MSg0,unknown,unknown,1,False,R-L,unknown,0.0
2405.30,MSg319 MSg32 MSg162,unknown,unknown,1,False,R-L,unknown,0.0
2405.40,MSg403 MSg231,unknown,unknown,1,False,R-L,unknown,0.0
2405.50,MSg408,unknown,unknown,1,False,R-L,unknown,0.0
2405.60,MSg0,unknown,unknown,1,False,R-L,unknown,0.0
2406.0,MSg403 MSg256 MSg216 MSg123 MSg65 MSg87 MSg284 MSg342,unknown,unknown,1,False,R-L,unknown,0.0
2407.0,MSg159 MSg381 MSg99 MSg175 MSg230 MSg53 MSg342,unknown,unknown,1,False,R-L,unknown,0.0
2408.0,MSg267 MSg99 MSg331 MSg162 MSg402,unknown,unknown,1,False,R-L,unknown,0.0
2409.0,MSg72 MSg247 MSg342,unknown,unknown,1,False,R-L,unknown,0.0
2410.0,MSg65 MSg67 MSg233 MSg342,unknown,unknown,1,False,R-L,unknown,0.0
2411.0,MSg391 MSg123 MSg336 MSg89 MSg211,unknown,unknown,1,False,R-L,unknown,0.0
2413.0,MSg264 MSg89 MSg332 MSg58 MSg249 MSg307,unknown,unknown,1,False,R-L,unknown,0.0
2414.0,MSg67 MSg348 MSg342,unknown,unknown,1,False,R-L,unknown,0.0
2415.0,MSg264 MSg287 MSg87 MSg249 MSg175 MSg180,unknown,unknown,1,False,R-L,unknown,0.0
2417.0,MSg234 MSg287 MSg162 MSg343 MSg68,unknown,unknown,1,False,R-L,unknown,0.0
2418.0,MSg17 MSg293 MSg162 MSg343 MSg386 MSg342,unknown,unknown,1,False,R-L,unknown,16.67
2419.0,MSg267 MSg402 MSg123 MSg72 MSg342 MSg1,unknown,unknown,1,False,R-L,unknown,0.0
2420.1,MSg3 MSg216 MSg229 MSg344 MSg59 MSg342,unknown,unknown,1,False,R-L,unknown,0.0
2420.2,MSg1,unknown,unknown,1,False,R-L,unknown,0.0
2421.0,MSg173 MSg12,unknown,unknown,1,False,R-L,unknown,0.0
2422.0,MSg83 MSg125 MSg286 MSg391,unknown,unknown,1,False,R-L,unknown,0.0
2423.0,MSg75 MSg10 MSg97 MSg121 MSg245 MSg245 MSg10 MSg176,unknown,unknown,1,False,R-L,unknown,0.0
2424.0,MSg267 MSg99 MSg51 MSg130 MSg149 MSg342,unknown,unknown,1,False,R-L,unknown,0.0
2425.0,MSg307 MSg0,unknown,unknown,1,False,R-L,unknown,0.0
2426.0,MSg387 MSg65 MSg67 MSg336 MSg89 MSg48 MSg342,unknown,unknown,1,False,R-L,unknown,0.0
2427.0,MSg307 MSg86 MSg99 MSg86 MSg121 MSg391 MSg391 MSg402,unknown,unknown,1,False,R-L,unknown,12.5
2428.0,MSg182 MSg342 MSg98 MSg75 MSg14,unknown,unknown,1,False,R-L,unknown,0.0
2429.0,MSg173 MSg51 MSg267 MSg99 MSg87 MSg59 MSg53 MSg8 MSg342,unknown,unknown,1,False,R-L,unknown,0.0
2430.1,MSg229 MSg219 MSg0,unknown,unknown,1,False,R-L,unknown,0.0
2430.2,MSg70 MSg342 MSg1,unknown,unknown,1,False,R-L,unknown,33.33
2430.3,MSg242,unknown,unknown,1,False,R-L,unknown,0.0
2431.1,MSg172 MSg245 MSg334,unknown,unknown,1,False,R-L,unknown,33.33
2431.2,MSg393,unknown,unknown,1,False,R-L,unknown,0.0
2432.0,MSg350 MSg99 MSg341 MSg387 MSg60,unknown,unknown,1,False,R-L,unknown,0.0
2433.0,MSg234 MSg254,unknown,unknown,1,False,R-L,unknown,0.0
2434.0,MSg59 MSg99 MSg102 MSg36 MSg384 MSg384,unknown,unknown,1,False,R-L,unknown,0.0
2435.0,MSg285 MSg325 MSg211,unknown,unknown,1,False,R-L,unknown,0.0
2436.0,MSg17 MSg293 MSg293 MSg211 MSg186 MSg267 MSg99 MSg59 MSg59 MSg155 MSg211,unknown,unknown,1,False,R-L,unknown,0.0
2437.0,MSg6 MSg267 MSg99,unknown,unknown,1,False,R-L,unknown,0.0
2438.0,MSg267 MSg99 MSg65 MSg72 MSg0,unknown,unknown,1,False,R-L,unknown,0.0
2439.0,MSg391 MSg233 MSg59 MSg98 MSg25 MSg245 MSg0,unknown,unknown,1,False,R-L,unknown,0.0
2440.0,MSg197 MSg336 MSg97 MSg86 MSg59 MSg211,unknown,unknown,1,False,R-L,unknown,0.0
2441.0,MSg65 MSg72 MSg216 MSg0,unknown,unknown,1,False,R-L,unknown,0.0
2442.0,MSg293 MSg123 MSg343 MSg336 MSg49 MSg86,unknown,unknown,1,False,R-L,unknown,0.0
2443.0,MSg397 MSg86 MSg343 MSg406 MSg162,unknown,unknown,1,False,R-L,unknown,0.0
2444.0,MSg171 MSg8 MSg342 MSg176,unknown,unknown,1,False,R-L,unknown,0.0
2445.0,MSg391 MSg1 MSg134 MSg86 MSg415,unknown,unknown,1,False,R-L,unknown,0.0
2446.0,MSg238 MSg267 MSg99 MSg387 MSg53 MSg72 MSg336 MSg89 MSg112 MSg194 MSg342,unknown,unknown,1,False,R-L,unknown,0.0
2447.0,MSg343 MSg391 MSg99 MSg87 MSg155 MSg171 MSg8 MSg342,unknown,unknown,1,False,R-L,unknown,12.5
2448.0,MSg0 MSg086 MSg123 MSg7,unknown,unknown,1,False,R-L,unknown,25.0
2449.0,MSg28 MSg162 MSg343 MSg48 MSg342,unknown,unknown,1,False,R-L,unknown,0.0
2450.0,MSg267 MSg99 MSg98 MSg347 MSg342,unknown,unknown,1,False,R-L,unknown,0.0
2451.0,MSg162 MSg216 MSg57 MSg99 MSg62 MSg342,unknown,unknown,1,False,R-L,unknown,0.0
2452.0,MSg87 MSg59 MSg71,unknown,unknown,1,False,R-L,unknown,0.0
2453.0,MSg0 MSg325 MSg171 MSg8 MSg342,unknown,unknown,1,False,R-L,unknown,0.0
2455.0,MSg191 MSg303 MSg402 MSg99 MSg87 MSg59 MSg244 MSg58 MSg342,unknown,unknown,1,False,R-L,unknown,0.0
2456.1,MSg258 MSg342 MSg87 MSg60,unknown,unknown,1,False,R-L,unknown,0.0
2456.2,MSg87 MSg272,unknown,unknown,1,False,R-L,unknown,0.0
2457.0,MSg67 MSg204 MSg112 MSg342 MSg176,unknown,unknown,1,False,R-L,unknown,0.0
2458.0,MSg379 MSg307,unknown,unknown,1,False,R-L,unknown,0.0
2459.0,MSg175 MSg0 MSg347 MSg342,unknown,unknown,1,False,R-L,unknown,0.0
2460.0,MSg59 MSg127 MSg267 MSg176 MSg176,unknown,unknown,1,False,R-L,unknown,0.0
2461.0,MSg178 MSg389 MSg15 MSg87 MSg326 MSg25 MSg245 MSg245,unknown,unknown,1,False,R-L,unknown,0.0
2463.0,MSg343 MSg391 MSg99 MSg387 MSg342,unknown,unknown,1,False,R-L,unknown,0.0
2464.0,MSg86 MSg387 MSg402,unknown,unknown,1,False,R-L,unknown,0.0
2465.0,MSg195 MSg123 MSg87 MSg357 MSg175 MSg180,unknown,unknown,1,False,R-L,unknown,0.0
2466.1,MSg87 MSg244 MSg307 MSg175 MSg180 MSg176,unknown,unknown,1,False,R-L,unknown,0.0
2466.2,MSg374,unknown,unknown,1,False,R-L,unknown,0.0
2467.0,MSg0 MSg8 MSg342,unknown,unknown,1,False,R-L,unknown,0.0
2468.0,MSg267 MSg180 MSg391,unknown,unknown,1,False,R-L,unknown,0.0
2469.0,MSg65 MSg342 MSg224,unknown,unknown,1,False,R-L,unknown,0.0
2470.0,MSg182 MSg293 MSg342 MSg97 MSg102 MSg40,unknown,unknown,1,False,R-L,unknown,0.0
2471.1,MSg295 MSg336 MSg53,unknown,unknown,1,False,R-L,unknown,0.0
2471.2,MSg242,unknown,unknown,1,False,R-L,unknown,0.0
2472.0,MSg326 MSg342 MSg14,unknown,unknown,1,False,R-L,unknown,0.0
2473.0,MSg214 MSg150 MSg267 MSg99 MSg249 MSg162 MSg375 MSg76 MSg267,unknown,unknown,1,False,R-L,unknown,0.0
2474.0,MSg343 MSg267 MSg402 MSg205 MSg267,unknown,unknown,1,False,R-L,unknown,0.0
2475.0,MSg30 MSg402 MSg99 MSg415 MSg342,unknown,unknown,1,False,R-L,unknown,0.0
2476.0,MSg267 MSg99 MSg171 MSg8 MSg342,unknown,unknown,1,False,R-L,unknown,0.0
2477.0,MSg86 MSg210 MSg99 MSg389 MSg69 MSg211 MSg97 MSg173,unknown,unknown,1,False,R-L,unknown,0.0
2478.0,MSg267 MSg99 MSg112 MSg194 MSg342,unknown,unknown,1,False,R-L,unknown,0.0
2480.0,MSg391 MSg99 MSg70 MSg87 MSg59 MSg387 MSg342,unknown,unknown,1,False,R-L,unknown,0.0
2481.0,MSg267 MSg99 MSg103 MSg403 MSg48 MSg8 MSg342,unknown,unknown,1,False,R-L,unknown,0.0
2482.0,MSg17 MSg48 MSg342 MSg176,unknown,unknown,1,False,R-L,unknown,0.0
2483.0,MSg0 MSg130 MSg149 MSg342,unknown,unknown,1,False,R-L,unknown,0.0
2484.0,MSg0 MSg018 MSg226 MSg254,unknown,unknown,1,False,R-L,unknown,25.0
2485.0,MSg267 MSg99 MSg174 MSg176 MSg211,unknown,unknown,1,False,R-L,unknown,0.0
2486.0,MSg102 MSg217 MSg403 MSg347 MSg342,unknown,unknown,1,False,R-L,unknown,0.0
2489.0,MSg25 MSg99 MSg87 MSg59 MSg294 MSg342,unknown,unknown,1,False,R-L,unknown,0.0
2490.0,MSg210 MSg180 MSg99 MSg47 MSg211,unknown,unknown,1,False,R-L,unknown,0.0
2491.0,MSg267 MSg99 MSg389 MSg336 MSg293 MSg0,unknown,unknown,1,False,R-L,unknown,0.0
2492.0,MSg150 MSg123 MSg336 MSg89 MSg296 MSg342,unknown,unknown,1,False,R-L,unknown,0.0
2493.0,MSg149 MSg13,unknown,unknown,1,False,R-L,unknown,0.0
2495.0,MSg204 MSg155 MSg211 MSg249 MSg180 MSg267,unknown,unknown,1,False,R-L,unknown,0.0
2496.0,MSg0 MSg59 MSg97 MSg226 MSg342,unknown,unknown,1,False,R-L,unknown,0.0
2497.0,MSg102 MSg15,unknown,unknown,1,False,R-L,unknown,0.0
2498.0,MSg391 MSg123 MSg70 MSg53 MSg342,unknown,unknown,1,False,R-L,unknown,0.0
2499.0,MSg204 MSg230 MSg342,unknown,unknown,1,False,R-L,unknown,0.0
2500.0,MSg375 MSg52,unknown,unknown,1,False,R-L,unknown,0.0
2501.0,MSg293 MSg123 MSg343 MSg250,unknown,unknown,1,False,R-L,unknown,0.0
2502.0,MSg67 MSg244 MSg342,unknown,unknown,1,False,R-L,unknown,0.0
2503.0,MSg267 MSg99 MSg76 MSg12,unknown,unknown,1,False,R-L,unknown,0.0
2504.0,MSg267 MSg99 MSg86 MSg72 MSg211,unknown,unknown,1,False,R-L,unknown,0.0
2505.10,MSg182 MSg149,unknown,unknown,1,False,R-L,unknown,0.0
2505.20,MSg216 MSg123 MSg149 MSg342,unknown,unknown,1,False,R-L,unknown,0.0
2506.0,MSg389 MSg296 MSg342,unknown,unknown,1,False,R-L,unknown,0.0
2507.0,MSg375 MSg65 MSg72 MSg336 MSg89 MSg211,unknown,unknown,1,False,R-L,unknown,0.0
2508.10,MSg182 MSg149,unknown,unknown,1,False,R-L,unknown,0.0
2508.20,MSg216 MSg123 MSg149 MSg342,unknown,unknown,1,False,R-L,unknown,0.0
2509.0,MSg1 MSg1,unknown,unknown,1,False,R-L,unknown,0.0
2511.0,MSg150 MSg97 MSg253 MSg230 MSg347 MSg342,unknown,unknown,1,False,R-L,unknown,16.67
2512.0,MSg267 MSg99 MSg375 MSg0,unknown,unknown,1,False,R-L,unknown,0.0
2513.0,MSg267 MSg99 MSg98 MSg67 MSg60,unknown,unknown,1,False,R-L,unknown,20.0
2514.0,MSg102 MSg15,unknown,unknown,1,False,R-L,unknown,0.0
2515.0,MSg184 MSg249 MSg345 MSg98,unknown,unknown,1,False,R-L,unknown,0.0
2516.1,MSg86,unknown,unknown,1,False,R-L,unknown,0.0
2516.2,MSg211,unknown,unknown,1,False,R-L,unknown,0.0
2517.0,MSg336 MSg51 MSg342,unknown,unknown,1,False,R-L,unknown,0.0
2518.1,MSg16 MSg125 MSg343 MSg48 MSg342 MSg1,unknown,unknown,1,False,R-L,unknown,0.0
2518.2,MSg391,unknown,unknown,1,False,R-L,unknown,0.0
2518.3,MSg197,unknown,unknown,1,False,R-L,unknown,100.0
2519.1,MSg87 MSg261 MSg249 MSg307,unknown,unknown,1,False,R-L,unknown,0.0
2519.2,MSg59 MSg347 MSg342 MSg12,unknown,unknown,1,False,R-L,unknown,0.0
2520.0,MSg65 MSg113 MSg342,unknown,unknown,1,False,R-L,unknown,0.0
2521.0,MSg391 MSg123 MSg98 MSg249 MSg162 MSg342,unknown,unknown,1,False,R-L,unknown,0.0
2522.0,MSg284 MSg99 MSg124 MSg342 MSg402 MSg59 MSg86,unknown,unknown,1,False,R-L,unknown,0.0
2523.0,MSg267 MSg99 MSg65 MSg59 MSg211,unknown,unknown,1,False,R-L,unknown,0.0
2524.0,MSg104 MSg59 MSg123 MSg336 MSg89 MSg211,unknown,unknown,1,False,R-L,unknown,0.0
2525.0,MSg106 MSg169,unknown,unknown,1,False,R-L,unknown,0.0
2526.0,MSg86 MSg67 MSg8 MSg342,unknown,unknown,1,False,R-L,unknown,0.0
2527.0,MSg84 MSg50 MSg176,unknown,unknown,1,False,R-L,unknown,0.0
2528.0,MSg391 MSg99 MSg389 MSg182 MSg293 MSg169,unknown,unknown,1,False,R-L,unknown,0.0
2529.0,MSg0 MSg97 MSg327 MSg17 MSg261 MSg86,unknown,unknown,1,False,R-L,unknown,0.0
2530.0,MSg200 MSg391,unknown,unknown,1,False,R-L,unknown,0.0
2531.0,MSg391 MSg99 MSg294 MSg342,unknown,unknown,1,False,R-L,unknown,0.0
2532.0,MSg109 MSg129 MSg123 MSg65 MSg59 MSg211,unknown,unknown,1,False,R-L,unknown,16.67
2533.0,MSg267 MSg99 MSg171 MSg8 MSg342,unknown,unknown,1,False,R-L,unknown,0.0
2534.0,MSg72 MSg387 MSg342,unknown,unknown,1,False,R-L,unknown,0.0
2535.0,MSg151 MSg97 MSg124 MSg342,unknown,unknown,1,False,R-L,unknown,25.0
2536.0,MSg216 MSg123 MSg65 MSg211 MSg373 MSg127 MSg373,unknown,unknown,1,False,R-L,unknown,0.0
2537.0,MSg293 MSg123 MSg344 MSg389 MSg171 MSg59 MSg67 MSg51 MSg130 MSg149 MSg342,unknown,unknown,1,False,R-L,unknown,0.0
2538.0,MSg162 MSg1 MSg162 MSg48 MSg342,unknown,unknown,1,False,R-L,unknown,0.0
2539.0,MSg375 MSg267 MSg99 MSg53 MSg342 MSg72 MSg155 MSg211,unknown,unknown,1,False,R-L,unknown,0.0
2540.0,MSg102 MSg15 MSg176,unknown,unknown,1,False,R-L,unknown,0.0
2541.0,MSg53 MSg171 MSg59 MSg336 MSg89 MSg216 MSg254,unknown,unknown,1,False,R-L,unknown,0.0
2542.10,MSg0 MSg123 MSg102 MSg169,unknown,unknown,1,False,R-L,unknown,0.0
2542.20,MSg0 MSg336 MSg89 MSg296 MSg342,unknown,unknown,1,False,R-L,unknown,0.0
2543.1,MSg307 MSg86 MSg99 MSg67 MSg72 MSg0,unknown,unknown,1,False,R-L,unknown,16.67
2543.2,MSg244 MSg51 MSg267,unknown,unknown,1,False,R-L,unknown,0.0
2545.0,MSg267 MSg99 MSg65 MSg222 MSg254,unknown,unknown,1,False,R-L,unknown,0.0
2546.0,MSg38 MSg375,unknown,unknown,1,False,R-L,unknown,0.0
2547.0,MSg102 MSg216 MSg245 MSg0,unknown,unknown,1,False,R-L,unknown,25.0
2548.0,MSg303 MSg252 MSg99 MSg205 MSg230 MSg211,unknown,unknown,1,False,R-L,unknown,0.0
2549.0,MSg51 MSg130 MSg15,unknown,unknown,1,False,R-L,unknown,0.0
2551.0,MSg267 MSg99 MSg86 MSg226 MSg254,unknown,unknown,1,False,R-L,unknown,20.0
2552.0,MSg267 MSg99 MSg87 MSg59 MSg342 MSg224 MSg97 MSg173,unknown,unknown,1,False,R-L,unknown,0.0
2554.0,MSg284 MSg99,unknown,unknown,1,False,R-L,unknown,0.0
2555.0,MSg267 MSg99 MSg53 MSg72 MSg155 MSg211,unknown,unknown,1,False,R-L,unknown,0.0
2556.0,MSg76 MSg402 MSg99 MSg233 MSg342,unknown,unknown,1,False,R-L,unknown,0.0
2557.0,MSg124 MSg25 MSg342,unknown,unknown,1,False,R-L,unknown,0.0
2558.1,MSg293 MSg123 MSg343 MSg65 MSg70 MSg0,unknown,unknown,1,False,R-L,unknown,0.0
2558.2,MSg0 MSg343 MSg0,unknown,unknown,1,False,R-L,unknown,0.0
2559.0,MSg0 MSg303 MSg391 MSg99,unknown,unknown,1,False,R-L,unknown,0.0
2560.0,MSg330 MSg245 MSg342,unknown,unknown,1,False,R-L,unknown,33.33
2561.0,MSg002 MSg0,unknown,unknown,1,False,R-L,unknown,50.0
2562.0,MSg0 MSg48 MSg193 MSg342,unknown,unknown,1,False,R-L,unknown,0.0
2563.0,MSg233 MSg127 MSg125 MSg59 MSg99 MSg193 MSg342,unknown,unknown,1,False,R-L,unknown,0.0
2564.1,MSg249 MSg102 MSg287 MSg99,unknown,unknown,1,False,R-L,unknown,0.0
2564.2,MSg67 MSg348 MSg342,unknown,unknown,1,False,R-L,unknown,0.0
2565.1,MSg109,unknown,unknown,1,False,R-L,unknown,0.0
2565.2,MSg162,unknown,unknown,1,False,R-L,unknown,0.0
2566.0,MSg0 MSg336 MSg59 MSg127 MSg97 MSg175 MSg1 MSg175,unknown,unknown,1,False,R-L,unknown,0.0
2567.0,MSg391 MSg99 MSg105 MSg59 MSg342 MSg1,unknown,unknown,1,False,R-L,unknown,0.0
2568.0,MSg386 MSg336 MSg89 MSg333 MSg0,unknown,unknown,1,False,R-L,unknown,0.0
2569.0,MSg267 MSg99 MSg287 MSg249 MSg162 MSg12,unknown,unknown,1,False,R-L,unknown,0.0
2570.0,MSg67 MSg348 MSg0,unknown,unknown,1,False,R-L,unknown,33.33
2571.0,MSg391 MSg81 MSg176,unknown,unknown,1,False,R-L,unknown,0.0
2572.0,MSg391 MSg99 MSg102 MSg162,unknown,unknown,1,False,R-L,unknown,0.0
2573.0,MSg336 MSg89 MSg99 MSg192 MSg347 MSg342,unknown,unknown,1,False,R-L,unknown,0.0
2574.0,MSg264 MSg65 MSg59 MSg342 MSg1,unknown,unknown,1,False,R-L,unknown,0.0
2575.0,MSg336 MSg89 MSg211,unknown,unknown,1,False,R-L,unknown,0.0
2576.0,MSg391 MSg123 MSg72 MSg253 MSg81 MSg342,unknown,unknown,1,False,R-L,unknown,0.0
2577.1,MSg327 MSg342,unknown,unknown,1,False,R-L,unknown,0.0
2577.2,MSg89 MSg177,unknown,unknown,1,False,R-L,unknown,0.0
2578.0,MSg391 MSg99 MSg67 MSg59 MSg341 MSg342,unknown,unknown,1,False,R-L,unknown,16.67
2579.0,MSg284 MSg391 MSg87,unknown,unknown,1,False,R-L,unknown,0.0
2580.0,MSg267 MSg99 MSg48 MSg342,unknown,unknown,1,False,R-L,unknown,0.0
2581.0,MSg153 MSg155 MSg99 MSg86 MSg124 MSg409 MSg96 MSg342 MSg1,unknown,unknown,1,False,R-L,unknown,11.11
2582.0,MSg375 MSg375 MSg342,unknown,unknown,1,False,R-L,unknown,0.0
2583.0,MSg267 MSg99 MSg65 MSg336 MSg89 MSg222 MSg254,unknown,unknown,1,False,R-L,unknown,0.0
2584.0,MSg399 MSg121 MSg99 MSg70 MSg53 MSg342,unknown,unknown,1,False,R-L,unknown,0.0
2585.0,MSg60 MSg242,unknown,unknown,1,False,R-L,unknown,0.0
2587.10,MSg86 MSg102 MSg15,unknown,unknown,1,False,R-L,unknown,0.0
2587.21,MSg261 MSg86,unknown,unknown,1,False,R-L,unknown,0.0
2587.22,MSg267 MSg99 MSg67 MSg70 MSg0,unknown,unknown,1,False,R-L,unknown,0.0
2588.0,MSg98 MSg72 MSg17 MSg173 MSg86 MSg224,unknown,unknown,1,False,R-L,unknown,0.0
2589.0,MSg389 MSg336 MSg89 MSg211,unknown,unknown,1,False,R-L,unknown,0.0
2590.0,MSg267 MSg99 MSg59 MSg211,unknown,unknown,1,False,R-L,unknown,0.0
2591.0,MSg267 MSg99 MSg348 MSg342,unknown,unknown,1,False,R-L,unknown,0.0
2592.0,MSg59 MSg59 MSg12,unknown,unknown,1,False,R-L,unknown,0.0
2593.0,MSg76 MSg64 MSg99 MSg72 MSg224 MSg342,unknown,unknown,1,False,R-L,unknown,0.0
2594.0,MSg102 MSg59 MSg249 MSg162 MSg342,unknown,unknown,1,False,R-L,unknown,0.0
2595.0,MSg196 MSg123 MSg87 MSg30,unknown,unknown,1,False,R-L,unknown,0.0
2596.0,MSg160 MSg344 MSg47 MSg173 MSg403 MSg347 MSg342,unknown,unknown,1,False,R-L,unknown,14.29
2597.1,MSg397 MSg267 MSg343 MSg197 MSg0,unknown,unknown,1,False,R-L,unknown,0.0
2597.2,MSg400 MSg0,unknown,unknown,1,False,R-L,unknown,0.0
2598.1,MSg293 MSg123 MSg48 MSg62 MSg342,unknown,unknown,1,False,R-L,unknown,0.0
2598.2,MSg177 MSg197 MSg373 MSg373,unknown,unknown,1,False,R-L,unknown,0.0
2599.0,MSg182 MSg293 MSg344 MSg387 MSg171 MSg59 MSg397 MSg169,unknown,unknown,1,False,R-L,unknown,0.0
2600.0,MSg249 MSg169 MSg342,unknown,unknown,1,False,R-L,unknown,0.0
2601.1,MSg415 MSg277 MSg99 MSg102 MSg190,unknown,unknown,1,False,R-L,unknown,0.0
2601.2,MSg153 MSg127,unknown,unknown,1,False,R-L,unknown,0.0
2602.0,MSg2 MSg12,unknown,unknown,1,False,R-L,unknown,0.0
2603.0,MSg17 MSg293 MSg136 MSg193 MSg204 MSg234 MSg176,unknown,unknown,1,False,R-L,unknown,0.0
2604.11,MSg17 MSg250 MSg176,unknown,unknown,1,False,R-L,unknown,0.0
2604.12,MSg102 MSg097 MSg149 MSg89 MSg328,unknown,unknown,1,False,R-L,unknown,20.0
2605.0,MSg171 MSg59 MSg341 MSg342,unknown,unknown,1,False,R-L,unknown,0.0
2606.0,MSg294 MSg342,unknown,unknown,1,False,R-L,unknown,0.0
2607.0,MSg153 MSg153 MSg342,unknown,unknown,1,False,R-L,unknown,0.0
2608.0,MSg65 MSg327 MSg342,unknown,unknown,1,False,R-L,unknown,0.0
2609.0,MSg293 MSg123 MSg343 MSg249 MSg162 MSg12,unknown,unknown,1,False,R-L,unknown,0.0
2610.0,MSg171 MSg8 MSg0,unknown,unknown,1,False,R-L,unknown,0.0
2611.1,MSg150 MSg302 MSg99 MSg15,unknown,unknown,1,False,R-L,unknown,0.0
2611.2,MSg124 MSg12,unknown,unknown,1,False,R-L,unknown,0.0
2612.0,MSg267 MSg342 MSg86 MSg75 MSg245 MSg245,unknown,unknown,1,False,R-L,unknown,0.0
2613.0,MSg293 MSg123 MSg343 MSg250,unknown,unknown,1,False,R-L,unknown,0.0
2614.0,MSg84 MSg59 MSg160 MSg343 MSg387 MSg67 MSg87 MSg59 MSg155 MSg211,unknown,unknown,1,False,R-L,unknown,0.0
2615.0,MSg307 MSg180 MSg87 MSg261 MSg87,unknown,unknown,1,False,R-L,unknown,0.0
2616.0,MSg345 MSg180 MSg86,unknown,unknown,1,False,R-L,unknown,0.0
2617.0,MSg400 MSg293 MSg97 MSg72 MSg336 MSg89 MSg86 MSg91,unknown,unknown,1,False,R-L,unknown,0.0
2618.0,MSg267 MSg99 MSg67 MSg244 MSg342,unknown,unknown,1,False,R-L,unknown,0.0
2620.0,MSg345 MSg409 MSg94,unknown,unknown,1,False,R-L,unknown,0.0
2621.0,MSg291 MSg343 MSg336 MSg51 MSg342,unknown,unknown,1,False,R-L,unknown,0.0
2622.0,MSg301 MSg155 MSg211,unknown,unknown,1,False,R-L,unknown,0.0
2623.0,MSg267 MSg99 MSg124 MSg342,unknown,unknown,1,False,R-L,unknown,0.0
2625.0,MSg391 MSg123 MSg86 MSg68 MSg176,unknown,unknown,1,False,R-L,unknown,0.0
2626.10,MSg197 MSg86,unknown,unknown,1,False,R-L,unknown,0.0
2626.20,MSg197 MSg86 MSg99 MSg102 MSg162,unknown,unknown,1,False,R-L,unknown,0.0
2627.0,MSg0 MSg171 MSg8 MSg342,unknown,unknown,1,False,R-L,unknown,25.0
2628.0,MSg336 MSg209 MSg391 MSg124 MSg12,unknown,unknown,1,False,R-L,unknown,0.0
2629.0,MSg86 MSg260 MSg342,unknown,unknown,1,False,R-L,unknown,0.0
2630.0,MSg267 MSg99 MSg17 MSg38,unknown,unknown,1,False,R-L,unknown,0.0
2631.0,MSg267 MSg99 MSg153 MSg153 MSg342,unknown,unknown,1,False,R-L,unknown,0.0
2632.0,MSg293 MSg15 MSg99 MSg102 MSg17 MSg8 MSg342,unknown,unknown,1,False,R-L,unknown,0.0
2633.0,MSg284 MSg102 MSg15,unknown,unknown,1,False,R-L,unknown,0.0
2634.0,MSg264 MSg9 MSg342 MSg1,unknown,unknown,1,False,R-L,unknown,0.0
2635.0,MSg267 MSg402 MSg123 MSg102 MSg15,unknown,unknown,1,False,R-L,unknown,0.0
2636.10,MSg267 MSg99 MSg106 MSg162,unknown,unknown,1,False,R-L,unknown,0.0
2636.20,MSg267 MSg99 MSg106 MSg0,unknown,unknown,1,False,R-L,unknown,25.0
2637.0,MSg70 MSg12,unknown,unknown,1,False,R-L,unknown,0.0
2638.0,MSg249 MSg307,unknown,unknown,1,False,R-L,unknown,0.0
2639.0,MSg86 MSg15,unknown,unknown,1,False,R-L,unknown,0.0
2640.0,MSg0 MSg347 MSg342,unknown,unknown,1,False,R-L,unknown,0.0
2641.1,MSg330 MSg123,unknown,unknown,1,False,R-L,unknown,0.0
2641.2,MSg197 MSg67 MSg342 MSg1,unknown,unknown,1,False,R-L,unknown,0.0
2643.0,MSg323 MSg344 MSg65 MSg296 MSg342,unknown,unknown,1,False,R-L,unknown,0.0
2644.0,MSg0 MSg341 MSg342,unknown,unknown,1,False,R-L,unknown,0.0
2645.0,MSg100 MSg17 MSg60,unknown,unknown,1,False,R-L,unknown,0.0
2646.0,MSg0 MSg99 MSg59 MSg135 MSg342,unknown,unknown,1,False,R-L,unknown,0.0
2647.0,MSg267 MSg99 MSg67 MSg171 MSg8 MSg342 MSg1,unknown,unknown,1,False,R-L,unknown,0.0
2648.0,MSg267 MSg99 MSg104 MSg162 MSg242,unknown,unknown,1,False,R-L,unknown,0.0
2650.0,MSg293 MSg123 MSg343 MSg294 MSg342,unknown,unknown,1,False,R-L,unknown,0.0
2651.0,MSg219 MSg381 MSg252 MSg391,unknown,unknown,1,False,R-L,unknown,0.0
2652.0,MSg216 MSg254,unknown,unknown,1,False,R-L,unknown,0.0
2653.0,MSg267 MSg99 MSg48 MSg127 MSg347 MSg342,unknown,unknown,1,False,R-L,unknown,0.0
2654.0,MSg17 MSg293 MSg293 MSg211 MSg202 MSg267 MSg99 MSg65 MSg70 MSg336 MSg89 MSg87 MSg284 MSg342,unknown,unknown,1,False,R-L,unknown,0.0
2655.0,MSg387 MSg72 MSg336 MSg89 MSg347 MSg342,unknown,unknown,1,False,R-L,unknown,0.0
2656.0,MSg290 MSg267 MSg402,unknown,unknown,1,False,R-L,unknown,0.0
2657.0,MSg319 MSg32 MSg99 MSg102 MSg162,unknown,unknown,1,False,R-L,unknown,0.0
2658.10,MSg109 MSg162,unknown,unknown,1,False,R-L,unknown,0.0
2659.0,MSg102 MSg287 MSg342,unknown,unknown,1,False,R-L,unknown,33.33
2660.0,MSg267 MSg99 MSg249 MSg162 MSg342 MSg242,unknown,unknown,1,False,R-L,unknown,0.0
2661.0,MSg201 MSg277,unknown,unknown,1,False,R-L,unknown,0.0
2662.0,MSg3 MSg352 MSg176,unknown,unknown,1,False,R-L,unknown,0.0
2663.0,MSg204 MSg245 MSg342,unknown,unknown,1,False,R-L,unknown,0.0
2664.0,MSg237 MSg330 MSg97 MSg124 MSg342,unknown,unknown,1,False,R-L,unknown,20.0
2665.0,MSg391 MSg97 MSg261 MSg186 MSg343,unknown,unknown,1,False,R-L,unknown,20.0
2666.0,MSg17 MSg162 MSg99 MSg124 MSg342,unknown,unknown,1,False,R-L,unknown,0.0
2667.1,MSg86 MSg59 MSg127 MSg267 MSg0,unknown,unknown,1,False,R-L,unknown,20.0
2667.2,MSg87 MSg59 MSg0,unknown,unknown,1,False,R-L,unknown,0.0
2669.0,MSg0 MSg059 MSg121 MSg342,unknown,unknown,1,False,R-L,unknown,25.0
2671.0,MSg0 MSg53 MSg342,unknown,unknown,1,False,R-L,unknown,0.0
2672.0,MSg0 MSg347 MSg342,unknown,unknown,1,False,R-L,unknown,0.0
2673.0,MSg326,unknown,unknown,1,False,R-L,unknown,0.0
2674.0,MSg267 MSg99 MSg175 MSg176 MSg211,unknown,unknown,1,False,R-L,unknown,0.0
2675.0,MSg87 MSg19 MSg54 MSg99 MSg65 MSg59 MSg211,unknown,unknown,1,False,R-L,unknown,0.0
2676.0,MSg0 MSg72 MSg149 MSg342,unknown,unknown,1,False,R-L,unknown,0.0
2677.0,MSg267 MSg99 MSg22 MSg297,unknown,unknown,1,False,R-L,unknown,0.0
2678.0,MSg124 MSg12,unknown,unknown,1,False,R-L,unknown,0.0
2679.0,MSg238 MSg267 MSg99 MSg121 MSg342,unknown,unknown,1,False,R-L,unknown,0.0
2680.0,MSg267 MSg99 MSg204 MSg230 MSg342,unknown,unknown,1,False,R-L,unknown,0.0
2681.0,MSg0 MSg219 MSg343 MSg109 MSg59 MSg211,unknown,unknown,1,False,R-L,unknown,16.67
2682.0,MSg389 MSg15,unknown,unknown,1,False,R-L,unknown,0.0
2683.0,MSg0 MSg72 MSg59 MSg342 MSg0,unknown,unknown,1,False,R-L,unknown,0.0
2684.0,MSg391 MSg99 MSg228 MSg162 MSg242,unknown,unknown,1,False,R-L,unknown,0.0
2685.0,MSg303 MSg343 MSg67 MSg51 MSg130 MSg149 MSg342,unknown,unknown,1,False,R-L,unknown,0.0
2686.0,MSg0 MSg402 MSg43 MSg0,unknown,unknown,1,False,R-L,unknown,0.0
2687.1,MSg87 MSg162 MSg343 MSg98 MSg347 MSg342,unknown,unknown,1,False,R-L,unknown,0.0
2687.2,MSg55 MSg342 MSg267,unknown,unknown,1,False,R-L,unknown,0.0
2688.0,MSg0 MSg62 MSg342,unknown,unknown,1,False,R-L,unknown,0.0
2689.1,MSg391 MSg99 MSg175 MSg214 MSg342,unknown,unknown,1,False,R-L,unknown,0.0
2689.2,MSg216 MSg97 MSg402,unknown,unknown,1,False,R-L,unknown,0.0
2690.1,MSg150 MSg123 MSg51 MSg130 MSg149 MSg342 MSg150 MSg123 MSg387 MSg342,unknown,unknown,1,False,R-L,unknown,0.0
2690.2,MSg0,unknown,unknown,1,False,R-L,unknown,0.0
2691.0,MSg391 MSg99 MSg112 MSg197 MSg342,unknown,unknown,1,False,R-L,unknown,0.0
2692.0,MSg391 MSg391 MSg342,unknown,unknown,1,False,R-L,unknown,0.0
2693.0,MSg150 MSg123 MSg301 MSg0,unknown,unknown,1,False,R-L,unknown,25.0
2694.0,MSg17 MSg303 MSg99 MSg65 MSg67 MSg342 MSg1,unknown,unknown,1,False,R-L,unknown,0.0
2695.0,MSg205 MSg112 MSg342,unknown,unknown,1,False,R-L,unknown,0.0
2696.1,MSg150 MSg123,unknown,unknown,1,False,R-L,unknown,0.0
2696.2,MSg100 MSg17 MSg81 MSg342,unknown,unknown,1,False,R-L,unknown,0.0
2697.0,MSg104 MSg169 MSg98 MSg121 MSg87 MSg342,unknown,unknown,1,False,R-L,unknown,0.0
2698.0,MSg104 MSg15,unknown,unknown,1,False,R-L,unknown,0.0
2699.0,MSg389 MSg342 MSg91,unknown,unknown,1,False,R-L,unknown,0.0
2700.0,MSg87 MSg59 MSg072 MSg334 MSg342,unknown,unknown,1,False,R-L,unknown,40.0
2701.0,MSg398 MSg402 MSg99 MSg387 MSg216 MSg254,unknown,unknown,1,False,R-L,unknown,16.67
2702.0,MSg155 MSg402 MSg3 MSg176,unknown,unknown,1,False,R-L,unknown,0.0
2704.0,MSg224,unknown,unknown,1,False,R-L,unknown,0.0
2705.0,MSg109 MSg162,unknown,unknown,1,False,R-L,unknown,0.0
2706.0,MSg267 MSg402 MSg87 MSg294 MSg342,unknown,unknown,1,False,R-L,unknown,0.0
2802.10,MSg17 MSg38 MSg176 MSg51 MSg130 MSg109 MSg245 MSg245,unknown,unknown,1,False,R-L,unknown,25.0
2804.10,MSg397 MSg162,unknown,unknown,1,False,R-L,unknown,0.0
2804.20,MSg397 MSg162,unknown,unknown,1,False,R-L,unknown,0.0
2805.10,MSg086 MSg325 MSg347 MSg342,unknown,unknown,1,False,R-L,unknown,50.0
2806.10,MSg244 MSg342,unknown,unknown,1,False,R-L,unknown,0.0
2807.10,MSg336 MSg321,unknown,unknown,1,False,R-L,unknown,0.0
2807.20,MSg202 MSg294 MSg336 MSg321,unknown,unknown,1,False,R-L,unknown,0.0
2808.10,MSg409 MSg96,unknown,unknown,1,False,R-L,unknown,0.0
2808.20,MSg0,unknown,unknown,1,False,R-L,unknown,0.0
2808.30,MSg0,unknown,unknown,1,False,R-L,unknown,0.0
2808.40,MSg0,unknown,unknown,1,False,R-L,unknown,0.0
2809.10,MSg245 MSg336 MSg252,unknown,unknown,1,False,R-L,unknown,0.0
2809.20,MSg245 MSg336 MSg252,unknown,unknown,1,False,R-L,unknown,0.0
2809.30,MSg0,unknown,unknown,1,False,R-L,unknown,0.0
2810.10,MSg214,unknown,unknown,1,False,R-L,unknown,0.0
2810.20,MSg178 MSg389 MSg15 MSg176,unknown,unknown,1,False,R-L,unknown,0.0
2812.10,MSg214,unknown,unknown,1,False,R-L,unknown,0.0
2812.20,MSg178 MSg389 MSg15 MSg176,unknown,unknown,1,False,R-L,unknown,0.0
2813.10,MSg244 MSg342,unknown,unknown,1,False,R-L,unknown,0.0
2814.10,MSg244 MSg342,unknown,unknown,1,False,R-L,unknown,0.0
2815.10,MSg45 MSg95 MSg328 MSg2 MSg176,unknown,unknown,1,False,R-L,unknown,0.0
2818.10,MSg41 MSg137 MSg249 MSg65 MSg67 MSg342 MSg1,unknown,unknown,1,False,R-L,unknown,0.0
2819.10,MSg326 MSg342,unknown,unknown,1,False,R-L,unknown,50.0
2819.20,MSg326 MSg342,unknown,unknown,1,False,R-L,unknown,0.0
2819.30,MSg326 MSg342,unknown,unknown,1,False,R-L,unknown,0.0
2820.10,MSg41 MSg137 MSg249 MSg65 MSg67 MSg342 MSg1,unknown,unknown,1,False,R-L,unknown,0.0
2821.10,MSg65 MSg48 MSg342,unknown,unknown,1,False,R-L,unknown,0.0
2822.10,MSg0 MSg342 MSg176,unknown,unknown,1,False,R-L,unknown,0.0
2824.10,MSg0 MSg342,unknown,unknown,1,False,R-L,unknown,0.0
2825.10,MSg41 MSg137 MSg249 MSg65 MSg67 MSg342 MSg1,unknown,unknown,1,False,R-L,unknown,0.0
2826.0,MSg182 MSg186 MSg267 MSg99 MSg53 MSg59 MSg155 MSg211,unknown,unknown,1,False,R-L,unknown,0.0
2827.10,MSg417,unknown,unknown,1,False,R-L,unknown,0.0
2827.20,MSg342,unknown,unknown,1,False,R-L,unknown,0.0
2830.10,MSg53 MSg171 MSg59 MSg342 MSg176,unknown,unknown,1,False,R-L,unknown,0.0
2831.0,MSg0 MSg149 MSg342,unknown,unknown,1,False,R-L,unknown,0.0
2835.10,MSg201 MSg277,unknown,unknown,1,False,R-L,unknown,0.0
2835.20,MSg67 MSg387 MSg194 MSg342 MSg176,unknown,unknown,1,False,R-L,unknown,0.0
2836.10,MSg336 MSg321,unknown,unknown,1,False,R-L,unknown,0.0
2836.20,MSg336 MSg321,unknown,unknown,1,False,R-L,unknown,0.0
2837.0,MSg267 MSg99 MSg98 MSg102 MSg0,unknown,unknown,1,False,R-L,unknown,0.0
2839.10,MSg41 MSg137 MSg249 MSg65 MSg67 MSg342 MSg1,unknown,unknown,1,False,R-L,unknown,0.0
2841.10,MSg15,unknown,unknown,1,False,R-L,unknown,0.0
2842.10,MSg201 MSg277 MSg204 MSg086 MSg0,unknown,unknown,1,False,R-L,unknown,40.0
2843.10,MSg201 MSg277 MSg204 MSg086 MSg342 MSg106,unknown,unknown,1,False,R-L,unknown,33.33
2844.10,MSg336 MSg321 MSg176,unknown,unknown,1,False,R-L,unknown,0.0
2844.20,MSg67 MSg87 MSg59 MSg403 MSg0,unknown,unknown,1,False,R-L,unknown,0.0
2845.0,MSg267 MSg99 MSg67 MSg0,unknown,unknown,1,False,R-L,unknown,0.0
2846.10,MSg225 MSg123 MSg387 MSg342 MSg9 MSg45,unknown,unknown,1,False,R-L,unknown,0.0
2846.20,MSg383 MSg341,unknown,unknown,1,False,R-L,unknown,0.0
2847.10,MSg386 MSg53 MSg48 MSg342 MSg12 MSg328 MSg328 MSg328 MSg162,unknown,unknown,1,False,R-L,unknown,0.0
2847.20,MSg137 MSg155 MSg343 MSg10 MSg81 MSg403 MSg87,unknown,unknown,1,False,R-L,unknown,0.0
2847.30,MSg343 MSg294 MSg328 MSg391 MSg87 MSg112 MSg294 MSg171 MSg8 MSg342,unknown,unknown,1,False,R-L,unknown,0.0
2848.10,MSg67 MSg8 MSg342 MSg176,unknown,unknown,1,False,R-L,unknown,0.0
2849.10,MSg336 MSg321,unknown,unknown,1,False,R-L,unknown,0.0
2849.20,MSg336 MSg321,unknown,unknown,1,False,R-L,unknown,0.0
2851.10,MSg100 MSg402 MSg342 MSg287 MSg0 MSg287 MSg283,unknown,unknown,1,False,R-L,unknown,0.0
2851.20,MSg325 MSg347 MSg342,unknown,unknown,1,False,R-L,unknown,0.0
2852.10,MSg65 MSg211,unknown,unknown,1,False,R-L,unknown,0.0
2852.20,MSg98 MSg319 MSg51 MSg130,unknown,unknown,1,False,R-L,unknown,0.0
2852.30,MSg245 MSg342 MSg1,unknown,unknown,1,False,R-L,unknown,0.0
2854.10,MSg63,unknown,unknown,1,False,R-L,unknown,0.0
2855.10,MSg100 MSg402 MSg342 MSg287 MSg0 MSg287 MSg283,unknown,unknown,1,False,R-L,unknown,0.0
2855.20,MSg325 MSg347 MSg0,unknown,unknown,1,False,R-L,unknown,0.0
2855.30,MSg0,unknown,unknown,1,False,R-L,unknown,0.0
2856.0,MSg102 MSg15,unknown,unknown,1,False,R-L,unknown,0.0
2857.10,MSg409 MSg96,unknown,unknown,1,False,R-L,unknown,0.0
2857.20,MSg0,unknown,unknown,1,False,R-L,unknown,0.0
2857.30,MSg0,unknown,unknown,1,False,R-L,unknown,0.0
2857.40,MSg0,unknown,unknown,1,False,R-L,unknown,0.0
2858.0,MSg104 MSg162,unknown,unknown,1,False,R-L,unknown,0.0
2860.10,MSg327 MSg303 MSg245 MSg245 MSg125 MSg59 MSg99 MSg17 MSg134 MSg86,unknown,unknown,1,False,R-L,unknown,0.0
2861.10,MSg35 MSg63 MSg129 MSg233 MSg277,unknown,unknown,1,False,R-L,unknown,0.0
2861.20,MSg67 MSg389 MSg194 MSg342 MSg176,unknown,unknown,1,False,R-L,unknown,20.0
2862.0,MSg102 MSg15,unknown,unknown,1,False,R-L,unknown,0.0
2863.10,MSg267 MSg99 MSg67 MSg403 MSg87 MSg342,unknown,unknown,1,False,R-L,unknown,0.0
2864.10,MSg171 MSg8 MSg342 MSg176,unknown,unknown,1,False,R-L,unknown,0.0
2864.20,MSg171 MSg8 MSg342 MSg0,unknown,unknown,1,False,R-L,unknown,0.0
2865.10,MSg267 MSg99 MSg386 MSg0,unknown,unknown,1,False,R-L,unknown,0.0
2866.10,MSg35 MSg63 MSg129 MSg233 MSg277,unknown,unknown,1,False,R-L,unknown,0.0
2866.20,MSg67 MSg389 MSg194 MSg342 MSg176,unknown,unknown,1,False,R-L,unknown,20.0
2867.0,MSg391 MSg99 MSg249 MSg162 MSg342,unknown,unknown,1,False,R-L,unknown,0.0
2868.10,MSg216 MSg254 MSg176,unknown,unknown,1,False,R-L,unknown,0.0
2901.10,MSg363,unknown,unknown,1,False,R-L,unknown,0.0
2901.20,MSg59 MSg112 MSg194 MSg18 MSg211 MSg87 MSg169,unknown,unknown,1,False,R-L,unknown,0.0
2902.10,MSg405,unknown,unknown,1,False,R-L,unknown,0.0
2902.20,MSg102 MSg59 MSg249 MSg169 MSg342,unknown,unknown,1,False,R-L,unknown,0.0
2903.10,MSg362,unknown,unknown,1,False,R-L,unknown,100.0
2903.20,MSg389 MSg407 MSg124 MSg169 MSg373 MSg287 MSg342,unknown,unknown,1,False,R-L,unknown,0.0
2904.11,MSg0 MSg171 MSg8 MSg342,unknown,unknown,1,False,R-L,unknown,25.0
2904.12,MSg171 MSg59 MSg407 MSg169,unknown,unknown,1,False,R-L,unknown,0.0
2905.10,MSg89 MSg328 MSg287 MSg319,unknown,unknown,1,False,R-L,unknown,0.0
2905.20,MSg87 MSg59 MSg48 MSg342,unknown,unknown,1,False,R-L,unknown,0.0
2906.10,MSg89 MSg328 MSg287 MSg319,unknown,unknown,1,False,R-L,unknown,0.0
2906.20,MSg87 MSg59 MSg48 MSg342,unknown,unknown,1,False,R-L,unknown,0.0
2907.10,MSg65 MSg072 MSg62 MSg342,unknown,unknown,1,False,R-L,unknown,25.0
2908.10,MSg112 MSg194 MSg327 MSg342,unknown,unknown,1,False,R-L,unknown,0.0
2909.10,MSg204 MSg245 MSg358 MSg342,unknown,unknown,1,False,R-L,unknown,0.0
2910.10,MSg53 MSg67 MSg407 MSg124 MSg169,unknown,unknown,1,False,R-L,unknown,0.0
2911.10,MSg70 MSg112 MSg194 MSg18 MSg211 MSg87 MSg169,unknown,unknown,1,False,R-L,unknown,0.0
2912.10,MSg389 MSg72 MSg48 MSg342,unknown,unknown,1,False,R-L,unknown,0.0
2912.20,MSg249 MSg169 MSg342,unknown,unknown,1,False,R-L,unknown,0.0
2913.10,MSg87 MSg59 MSg348 MSg342,unknown,unknown,1,False,R-L,unknown,0.0
2914.10,MSg389 MSg407 MSg124 MSg169 MSg373 MSg287 MSg342,unknown,unknown,1,False,R-L,unknown,0.0
2915.10,MSg204 MSg245 MSg358 MSg342,unknown,unknown,1,False,R-L,unknown,0.0
2916.10,MSg345 MSg341 MSg18 MSg252 MSg97 MSg25 MSg245 MSg245,unknown,unknown,1,False,R-L,unknown,0.0
2917.10,MSg102 MSg190 MSg48 MSg8 MSg342 MSg373,unknown,unknown,1,False,R-L,unknown,0.0
2918.10,MSg051,unknown,unknown,1,False,R-L,unknown,100.0
2918.20,MSg53 MSg70 MSg336 MSg89 MSg294 MSg8 MSg342,unknown,unknown,1,False,R-L,unknown,0.0
2919.10,MSg267,unknown,unknown,1,False,R-L,unknown,100.0
2919.20,MSg348,unknown,unknown,1,False,R-L,unknown,100.0
2920.10,MSg295 MSg87 MSg97 MSg252 MSg97 MSg25 MSg245 MSg245,unknown,unknown,1,False,R-L,unknown,12.5
2921.10,MSg96,unknown,unknown,1,False,R-L,unknown,0.0
2921.20,MSg348 MSg342,unknown,unknown,1,False,R-L,unknown,0.0
2923.10,MSg0 MSg252 MSg261 MSg134 MSg098 MSg391 MSg391,unknown,unknown,1,False,R-L,unknown,28.57
2923.20,MSg387 MSg12 MSg104 MSg106 MSg312,unknown,unknown,1,False,R-L,unknown,0.0
2924.0,MSg108 MSg342 MSg1 MSg375,unknown,unknown,1,False,R-L,unknown,0.0
2925.10,MSg163 MSg252 MSg261 MSg134 MSg098 MSg391 MSg391,unknown,unknown,1,False,R-L,unknown,14.29
2925.20,MSg108 MSg315,unknown,unknown,1,False,R-L,unknown,0.0
2926.0,MSg104 MSg110,unknown,unknown,1,False,R-L,unknown,0.0
2928.0,MSg104 MSg104,unknown,unknown,1,False,R-L,unknown,0.0
2929.10,MSg69,unknown,unknown,1,False,R-L,unknown,0.0
2929.20,MSg104 MSg162,unknown,unknown,1,False,R-L,unknown,0.0
2929.30,MSg87 MSg343 MSg97 MSg169,unknown,unknown,1,False,R-L,unknown,0.0
2930.10,MSg293 MSg123 MSg345 MSg98 MSg174,unknown,unknown,1,False,R-L,unknown,0.0
2930.20,MSg267 MSg99 MSg48 MSg342,unknown,unknown,1,False,R-L,unknown,0.0
2931.10,MSg87 MSg343,unknown,unknown,1,False,R-L,unknown,0.0
2931.20,MSg90 MSg86,unknown,unknown,1,False,R-L,unknown,0.0
2934.0,MSg162,unknown,unknown,1,False,R-L,unknown,0.0
2935.0,MSg124 MSg25 MSg342,unknown,unknown,1,False,R-L,unknown,33.33
2936.10,MSg0,unknown,unknown,1,False,R-L,unknown,0.0
2936.20,MSg169 MSg345,unknown,unknown,1,False,R-L,unknown,0.0
2936.30,MSg134 MSg86 MSg65 MSg135 MSg342,unknown,unknown,1,False,R-L,unknown,40.0
2937.0,MSg375 MSg375 MSg342,unknown,unknown,1,False,R-L,unknown,0.0
2938.10,MSg409 MSg96,unknown,unknown,1,False,R-L,unknown,0.0
2939.0,MSg403 MSg87,unknown,unknown,1,False,R-L,unknown,0.0
2940.0,MSg384 MSg384 MSg307 MSg342 MSg176,unknown,unknown,1,False,R-L,unknown,0.0
2941.0,MSg86 MSg347 MSg342 MSg176,unknown,unknown,1,False,R-L,unknown,0.0
2942.10,MSg6 MSg267 MSg99,unknown,unknown,1,False,R-L,unknown,0.0
2943.10,MSg0 MSg347 MSg342 MSg176,unknown,unknown,1,False,R-L,unknown,0.0
2944.10,MSg178 MSg389 MSg015,unknown,unknown,1,False,R-L,unknown,33.33
2945.0,MSg104 MSg169,unknown,unknown,1,False,R-L,unknown,0.0
2946.0,MSg67 MSg386 MSg194 MSg342 MSg176,unknown,unknown,1,False,R-L,unknown,0.0
2947.0,MSg67 MSg386 MSg194 MSg342 MSg176,unknown,unknown,1,False,R-L,unknown,0.0
2948.10,MSg0 MSg250 MSg15 MSg176,unknown,unknown,1,False,R-L,unknown,0.0
2949.10,MSg162 MSg162 MSg162,unknown,unknown,1,False,R-L,unknown,0.0
2950.10,MSg162 MSg162 MSg162 MSg162,unknown,unknown,1,False,R-L,unknown,0.0
2951.10,MSg171 MSg8 MSg342,unknown,unknown,1,False,R-L,unknown,33.33
2952.10,MSg287 MSg319,unknown,unknown,1,False,R-L,unknown,0.0
2952.20,MSg267 MSg99 MSg109 MSg124 MSg0,unknown,unknown,1,False,R-L,unknown,0.0
3001.0,MSg336 MSg162 MSg100 MSg86 MSg15,unknown,unknown,1,False,R-L,unknown,0.0
3002.0,MSg391 MSg99 MSg080 MSg342,unknown,unknown,1,False,R-L,unknown,25.0
3010.0,MSg102 MSg287 MSg375 MSg0,unknown,unknown,1,False,R-L,unknown,0.0
3015.0,MSg40,unknown,unknown,1,False,R-L,unknown,0.0
3016.0,MSg290 MSg290 MSg343 MSg67 MSg65 MSg336 MSg89 MSg211,unknown,unknown,1,False,R-L,unknown,0.0
3019.0,MSg178 MSg389 MSg15,unknown,unknown,1,False,R-L,unknown,0.0
3020.0,MSg040,unknown,unknown,1,False,R-L,unknown,100.0
3021.0,MSg87 MSg162 MSg97 MSg104 MSg287 MSg15,unknown,unknown,1,False,R-L,unknown,0.0
3022.0,MSg161 MSg202 MSg409 MSg336 MSg342,unknown,unknown,1,False,R-L,unknown,0.0
3023.0,MSg292 MSg342,unknown,unknown,1,False,R-L,unknown,0.0
3024.0,MSg0 MSg342,unknown,unknown,1,False,R-L,unknown,0.0
3028.0,MSg0 MSg197 MSg343 MSg104 MSg162,unknown,unknown,1,False,R-L,unknown,0.0
3031.0,MSg397 MSg307 MSg268 MSg402 MSg99 MSg72 MSg249 MSg162 MSg342,unknown,unknown,1,False,R-L,unknown,0.0
3032.0,MSg0 MSg332,unknown,unknown,1,False,R-L,unknown,0.0
3035.0,MSg0 MSg409 MSg96,unknown,unknown,1,False,R-L,unknown,33.33
3036.0,MSg341 MSg12,unknown,unknown,1,False,R-L,unknown,0.0
3037.0,MSg0 MSg8 MSg342,unknown,unknown,1,False,R-L,unknown,0.0
3038.0,MSg015,unknown,unknown,1,False,R-L,unknown,100.0
3039.0,MSg267 MSg99 MSg86 MSg103 MSg403 MSg342,unknown,unknown,1,False,R-L,unknown,0.0
3041.0,MSg080 MSg0,unknown,unknown,1,False,R-L,unknown,50.0
3042.0,MSg267 MSg99 MSg87 MSg59 MSg194 MSg0,unknown,unknown,1,False,R-L,unknown,0.0
3044.0,MSg391 MSg99 MSg98 MSg296 MSg342,unknown,unknown,1,False,R-L,unknown,0.0
3051.0,MSg0 MSg342,unknown,unknown,1,False,R-L,unknown,0.0
3052.0,MSg17 MSg261 MSg86 MSg0,unknown,unknown,1,False,R-L,unknown,0.0
3056.0,MSg0 MSg342,unknown,unknown,1,False,R-L,unknown,0.0
3058.0,MSg0 MSg345 MSg319,unknown,unknown,1,False,R-L,unknown,0.0
3060.0,MSg343 MSg329 MSg99 MSg171 MSg59 MSg211,unknown,unknown,1,False,R-L,unknown,16.67
3063.0,MSg171 MSg59 MSg0,unknown,unknown,1,False,R-L,unknown,0.0
3064.0,MSg124 MSg342,unknown,unknown,1,False,R-L,unknown,0.0
3066.0,MSg0 MSg001 MSg209 MSg342,unknown,unknown,1,False,R-L,unknown,50.0
3067.0,MSg186 MSg125 MSg59 MSg391 MSg97 MSg59 MSg211,unknown,unknown,1,False,R-L,unknown,0.0
3068.0,MSg216 MSg123 MSg222 MSg254,unknown,unknown,1,False,R-L,unknown,0.0
3069.0,MSg150 MSg123 MSg342,unknown,unknown,1,False,R-L,unknown,0.0
3070.0,MSg65 MSg68,unknown,unknown,1,False,R-L,unknown,0.0
3072.0,MSg059 MSg0,unknown,unknown,1,False,R-L,unknown,50.0
3074.0,MSg65 MSg67 MSg59 MSg211,unknown,unknown,1,False,R-L,unknown,0.0
3075.0,MSg86 MSg15,unknown,unknown,1,False,R-L,unknown,0.0
3078.10,MSg48 MSg336 MSg51 MSg342,unknown,unknown,1,False,R-L,unknown,0.0
3078.20,MSg112 MSg162,unknown,unknown,1,False,R-L,unknown,0.0
3079.0,MSg205 MSg102 MSg190,unknown,unknown,1,False,R-L,unknown,0.0
3080.1,MSg0,unknown,unknown,1,False,R-L,unknown,0.0
3080.2,MSg393,unknown,unknown,1,False,R-L,unknown,0.0
3081.0,MSg89 MSg12,unknown,unknown,1,False,R-L,unknown,0.0
3083.0,MSg18 MSg162 MSg99 MSg25 MSg84 MSg12,unknown,unknown,1,False,R-L,unknown,0.0
3085.0,MSg197 MSg28 MSg343 MSg86 MSg124 MSg25 MSg342,unknown,unknown,1,False,R-L,unknown,0.0
3086.0,MSg0 MSg9 MSg342 MSg1,unknown,unknown,1,False,R-L,unknown,0.0
3087.0,MSg54 MSg180 MSg99 MSg387 MSg48 MSg17 MSg406 MSg162,unknown,unknown,1,False,R-L,unknown,0.0
3088.0,MSg391 MSg99 MSg98 MSg25 MSg245 MSg245,unknown,unknown,1,False,R-L,unknown,0.0
3089.0,MSg415 MSg125 MSg59 MSg99 MSg65 MSg67 MSg53 MSg342,unknown,unknown,1,False,R-L,unknown,0.0
3090.0,MSg267 MSg99 MSg72 MSg97 MSg347 MSg342,unknown,unknown,1,False,R-L,unknown,0.0
3091.0,MSg391 MSg123 MSg387 MSg72 MSg211,unknown,unknown,1,False,R-L,unknown,0.0
3092.0,MSg284 MSg14 MSg176,unknown,unknown,1,False,R-L,unknown,0.0
3093.0,MSg215 MSg343 MSg319 MSg249 MSg342,unknown,unknown,1,False,R-L,unknown,20.0
3094.0,MSg323 MSg245 MSg344 MSg51 MSg130 MSg149 MSg342,unknown,unknown,1,False,R-L,unknown,0.0
3095.0,MSg326 MSg15,unknown,unknown,1,False,R-L,unknown,0.0
3096.0,MSg267 MSg99 MSg53 MSg72 MSg112 MSg197 MSg342,unknown,unknown,1,False,R-L,unknown,0.0
3097.0,MSg153 MSg233 MSg59 MSg99 MSg387 MSg71,unknown,unknown,1,False,R-L,unknown,0.0
3098.0,MSg293 MSg123 MSg209 MSg381,unknown,unknown,1,False,R-L,unknown,0.0
3099.0,MSg391 MSg99 MSg102 MSg162,unknown,unknown,1,False,R-L,unknown,0.0
3100.0,MSg18 MSg240 MSg197 MSg252 MSg97 MSg389 MSg87 MSg59 MSg342 MSg139,unknown,unknown,1,False,R-L,unknown,0.0
3102.0,MSg65 MSg359 MSg341 MSg342 MSg1,unknown,unknown,1,False,R-L,unknown,0.0
3103.0,MSg171 MSg59 MSg211,unknown,unknown,1,False,R-L,unknown,0.0
3104.0,MSg203 MSg343 MSg87 MSg59 MSg8 MSg342 MSg1,unknown,unknown,1,False,R-L,unknown,0.0
3105.0,MSg17 MSg293 MSg197 MSg336 MSg249,unknown,unknown,1,False,R-L,unknown,0.0
3106.10,MSg205 MSg261 MSg99 MSg387 MSg68,unknown,unknown,1,False,R-L,unknown,0.0
3106.20,MSg205 MSg261 MSg99 MSg387 MSg68,unknown,unknown,1,False,R-L,unknown,0.0
3107.0,MSg341 MSg309 MSg267 MSg99 MSg389 MSg72 MSg102 MSg287 MSg373 MSg287 MSg342 MSg145 MSg407 MSg169,unknown,unknown,1,False,R-L,unknown,0.0
3108.1,MSg293 MSg123 MSg344 MSg48 MSg342 MSg1,unknown,unknown,1,False,R-L,unknown,0.0
3108.2,MSg398 MSg149,unknown,unknown,1,False,R-L,unknown,0.0
3109.0,MSg89 MSg245 MSg245 MSg223 MSg99 MSg70 MSg336 MSg89 MSg178 MSg180,unknown,unknown,1,False,R-L,unknown,0.0
3110.0,MSg186 MSg293 MSg99 MSg387 MSg336 MSg89 MSg347 MSg342,unknown,unknown,1,False,R-L,unknown,0.0
3111.0,MSg267 MSg99 MSg387 MSg162 MSg375,unknown,unknown,1,False,R-L,unknown,0.0
3112.0,MSg218 MSg343 MSg87 MSg60,unknown,unknown,1,False,R-L,unknown,0.0
3113.0,MSg180 MSg123 MSg72 MSg211,unknown,unknown,1,False,R-L,unknown,0.0
3114.0,MSg0 MSg109 MSg59 MSg247 MSg342 MSg224,unknown,unknown,1,False,R-L,unknown,0.0
3115.0,MSg264 MSg302 MSg253 MSg230 MSg342,unknown,unknown,1,False,R-L,unknown,0.0
3116.0,MSg65 MSg87 MSg332 MSg58 MSg342,unknown,unknown,1,False,R-L,unknown,0.0
3118.0,MSg215 MSg87 MSg50 MSg342,unknown,unknown,1,False,R-L,unknown,0.0
3119.0,MSg143 MSg245 MSg233 MSg59 MSg70 MSg0 MSg342,unknown,unknown,1,False,R-L,unknown,0.0
3120.0,MSg65 MSg67 MSg51 MSg130 MSg149 MSg342,unknown,unknown,1,False,R-L,unknown,0.0
3121.0,MSg267 MSg99 MSg67 MSg48 MSg342,unknown,unknown,1,False,R-L,unknown,0.0
3122.0,MSg48 MSg336 MSg89 MSg211,unknown,unknown,1,False,R-L,unknown,0.0
3123.0,MSg0 MSg244 MSg0,unknown,unknown,1,False,R-L,unknown,0.0
3132.0,MSg102 MSg59 MSg342,unknown,unknown,1,False,R-L,unknown,0.0
3143.0,MSg0 MSg194 MSg342,unknown,unknown,1,False,R-L,unknown,0.0
3144.0,MSg0 MSg017 MSg169,unknown,unknown,1,False,R-L,unknown,33.33
3145.0,MSg386 MSg171 MSg59 MSg211,unknown,unknown,1,False,R-L,unknown,0.0
3147.0,MSg40,unknown,unknown,1,False,R-L,unknown,0.0
3151.0,MSg87 MSg186 MSg177 MSg99 MSg72 MSg127 MSg342,unknown,unknown,1,False,R-L,unknown,0.0
3152.0,MSg387 MSg342,unknown,unknown,1,False,R-L,unknown,0.0
3153.0,MSg387 MSg267 MSg99 MSg336 MSg89 MSg135 MSg342,unknown,unknown,1,False,R-L,unknown,0.0
3154.0,MSg253 MSg230 MSg358 MSg342,unknown,unknown,1,False,R-L,unknown,0.0
3155.1,MSg121 MSg342 MSg391 MSg99,unknown,unknown,1,False,R-L,unknown,0.0
3155.2,MSg397,unknown,unknown,1,False,R-L,unknown,0.0
3156.0,MSg65 MSg336 MSg89 MSg373 MSg287 MSg342,unknown,unknown,1,False,R-L,unknown,0.0
3157.0,MSg60,unknown,unknown,1,False,R-L,unknown,0.0
3158.0,MSg109 MSg245 MSg245,unknown,unknown,1,False,R-L,unknown,0.0
3159.0,MSg104 MSg162 MSg176,unknown,unknown,1,False,R-L,unknown,0.0
3160.0,MSg267 MSg99 MSg70 MSg72 MSg336 MSg89 MSg211,unknown,unknown,1,False,R-L,unknown,0.0
3161.0,MSg53 MSg87 MSg59 MSg127 MSg358 MSg342,unknown,unknown,1,False,R-L,unknown,0.0
3162.0,MSg0 MSg065 MSg72 MSg222 MSg254,unknown,unknown,1,False,R-L,unknown,20.0
3163.0,MSg327 MSg293,unknown,unknown,1,False,R-L,unknown,0.0
3164.0,MSg267 MSg99 MSg87 MSg59 MSg192 MSg347 MSg342,unknown,unknown,1,False,R-L,unknown,0.0
3165.0,MSg67 MSg204 MSg155 MSg211,unknown,unknown,1,False,R-L,unknown,0.0
3202.0,MSg150 MSg123 MSg081 MSg0,unknown,unknown,1,False,R-L,unknown,25.0
3203.0,MSg109 MSg0,unknown,unknown,1,False,R-L,unknown,0.0
3206.10,MSg41 MSg137 MSg249 MSg65 MSg67 MSg342 MSg1,unknown,unknown,1,False,R-L,unknown,0.0
3207.0,MSg0 MSg342,unknown,unknown,1,False,R-L,unknown,0.0
3209.10,MSg041 MSg137 MSg249 MSg65 MSg67 MSg342 MSg001,unknown,unknown,1,False,R-L,unknown,28.57
3213.0,MSg87 MSg59 MSg342,unknown,unknown,1,False,R-L,unknown,0.0
3215.10,MSg0 MSg342,unknown,unknown,1,False,R-L,unknown,0.0
3216.10,MSg41 MSg137 MSg249 MSg65 MSg67 MSg342 MSg1,unknown,unknown,1,False,R-L,unknown,0.0
3217.0,MSg199 MSg99 MSg106 MSg287 MSg342,unknown,unknown,1,False,R-L,unknown,0.0
3218.0,MSg102 MSg59 MSg342,unknown,unknown,1,False,R-L,unknown,0.0
3219.10,MSg0 MSg347 MSg342,unknown,unknown,1,False,R-L,unknown,0.0
3220.10,MSg41 MSg137 MSg249 MSg65 MSg67 MSg342 MSg1,unknown,unknown,1,False,R-L,unknown,0.0
3221.0,MSg336 MSg150 MSg123 MSg0,unknown,unknown,1,False,R-L,unknown,25.0
3222.0,MSg41 MSg137 MSg249 MSg65 MSg67 MSg342 MSg1,unknown,unknown,1,False,R-L,unknown,0.0
3223.0,MSg373 MSg8 MSg342,unknown,unknown,1,False,R-L,unknown,0.0
3224.10,MSg45 MSg95 MSg328 MSg2 MSg176,unknown,unknown,1,False,R-L,unknown,0.0
3225.10,MSg244 MSg342,unknown,unknown,1,False,R-L,unknown,0.0
3226.10,MSg244 MSg342,unknown,unknown,1,False,R-L,unknown,0.0
3227.10,MSg0 MSg342,unknown,unknown,1,False,R-L,unknown,0.0
3228.10,MSg244 MSg342,unknown,unknown,1,False,R-L,unknown,0.0
3230.10,MSg45 MSg95 MSg328 MSg2 MSg176,unknown,unknown,1,False,R-L,unknown,0.0
3232.10,MSg267 MSg99 MSg54 MSg54 MSg171 MSg8 MSg342,unknown,unknown,1,False,R-L,unknown,0.0
3232.20,MSg175 MSg230 MSg53 MSg294 MSg342 MSg176,unknown,unknown,1,False,R-L,unknown,0.0
3233.10,MSg0 MSg336 MSg89 MSg249 MSg0,unknown,unknown,1,False,R-L,unknown,0.0
3234.10,MSg28 MSg326 MSg328 MSg283,unknown,unknown,1,False,R-L,unknown,0.0
3234.20,MSg197 MSg132 MSg345 MSg387 MSg135 MSg342,unknown,unknown,1,False,R-L,unknown,0.0
3235.10,MSg327 MSg303 MSg245 MSg245 MSg125 MSg59 MSg99 MSg0,unknown,unknown,1,False,R-L,unknown,0.0
3236.0,MSg345 MSg104 MSg169,unknown,unknown,1,False,R-L,unknown,0.0
3237.0,MSg336 MSg249 MSg0,unknown,unknown,1,False,R-L,unknown,0.0
3238.10,MSg48 MSg342,unknown,unknown,1,False,R-L,unknown,0.0
3239.10,MSg059 MSg336 MSg89 MSg249 MSg169 MSg342,unknown,unknown,1,False,R-L,unknown,16.67
3242.0,MSg87 MSg162 MSg0,unknown,unknown,1,False,R-L,unknown,33.33
3243.10,MSg0 MSg2 MSg12,unknown,unknown,1,False,R-L,unknown,0.0
3244.0,MSg375 MSg375 MSg342,unknown,unknown,1,False,R-L,unknown,0.0
3245.0,MSg102 MSg15,unknown,unknown,1,False,R-L,unknown,0.0
3246.10,MSg387 MSg102 MSg59 MSg342 MSg375 MSg375 MSg342 MSg1,unknown,unknown,1,False,R-L,unknown,0.0
3247.0,MSg373 MSg48 MSg0,unknown,unknown,1,False,R-L,unknown,0.0
3248.10,MSg391 MSg341,unknown,unknown,1,False,R-L,unknown,0.0
3248.20,MSg59 MSg35 MSg176,unknown,unknown,1,False,R-L,unknown,0.0
3249.10,MSg53 MSg171 MSg59 MSg342 MSg176,unknown,unknown,1,False,R-L,unknown,0.0
3251.0,MSg41 MSg245 MSg342,unknown,unknown,1,False,R-L,unknown,0.0
3252.0,MSg182 MSg293 MSg342,unknown,unknown,1,False,R-L,unknown,0.0
3253.0,MSg059 MSg155 MSg135,unknown,unknown,1,False,R-L,unknown,100.0
3301.10,MSg102 MSg190 MSg48 MSg8 MSg342 MSg373,unknown,unknown,1,False,R-L,unknown,0.0
3302.10,MSg336 MSg89 MSg87,unknown,unknown,1,False,R-L,unknown,0.0
3302.20,MSg72 MSg194 MSg169,unknown,unknown,1,False,R-L,unknown,0.0
3303.10,MSg70 MSg112 MSg194 MSg18 MSg211 MSg87 MSg169,unknown,unknown,1,False,R-L,unknown,0.0
3304.10,MSg65 MSg336 MSg89 MSg407 MSg169 MSg183 MSg169,unknown,unknown,1,False,R-L,unknown,0.0
3305.10,MSg059 MSg112 MSg194 MSg18 MSg211 MSg87 MSg169,unknown,unknown,1,False,R-L,unknown,14.29
3306.10,MSg204 MSg245 MSg358 MSg342,unknown,unknown,1,False,R-L,unknown,0.0
3307.0,MSg070 MSg051 MSg130 MSg149 MSg342,unknown,unknown,1,False,R-L,unknown,40.0
3309.0,MSg0 MSg174,unknown,unknown,1,False,R-L,unknown,0.0
3310.0,MSg389 MSg407 MSg0,unknown,unknown,1,False,R-L,unknown,33.33
3312.10,MSg65 MSg336 MSg89 MSg407 MSg169 MSg183 MSg169,unknown,unknown,1,False,R-L,unknown,0.0
3313.10,MSg346,unknown,unknown,1,False,R-L,unknown,0.0
3313.20,MSg389 MSg72 MSg326 MSg342,unknown,unknown,1,False,R-L,unknown,0.0
3314.10,MSg204 MSg245 MSg358 MSg342,unknown,unknown,1,False,R-L,unknown,0.0
3315.10,MSg362,unknown,unknown,1,False,R-L,unknown,0.0
3315.20,MSg389 MSg407 MSg124 MSg169 MSg373 MSg287 MSg342,unknown,unknown,1,False,R-L,unknown,0.0
3316.10,MSg295 MSg87 MSg97 MSg252 MSg97 MSg25 MSg245 MSg245,unknown,unknown,1,False,R-L,unknown,0.0
3317.10,MSg65 MSg72 MSg62 MSg342,unknown,unknown,1,False,R-L,unknown,0.0
3318.11,MSg267 MSg402 MSg97 MSg25 MSg245 MSg245,unknown,unknown,1,False,R-L,unknown,0.0
3318.12,MSg65 MSg72 MSg62 MSg342,unknown,unknown,1,False,R-L,unknown,0.0
3319.10,MSg287 MSg319,unknown,unknown,1,False,R-L,unknown,0.0
3319.20,MSg0 MSg342 MSg67 MSg138,unknown,unknown,1,False,R-L,unknown,0.0
3320.10,MSg287 MSg319,unknown,unknown,1,False,R-L,unknown,0.0
3320.20,MSg201 MSg99 MSg48 MSg342 MSg67 MSg138,unknown,unknown,1,False,R-L,unknown,0.0
3321.10,MSg112 MSg194 MSg327 MSg342,unknown,unknown,1,False,R-L,unknown,0.0
3322.10,MSg53 MSg67 MSg407 MSg124 MSg169,unknown,unknown,1,False,R-L,unknown,0.0
3323.10,MSg389 MSg72 MSg326 MSg342,unknown,unknown,1,False,R-L,unknown,0.0
3325.0,MSg0 MSg51 MSg0 MSg342,unknown,unknown,1,False,R-L,unknown,0.0
3326.10,MSg0 MSg336 MSg89 MSg407 MSg169 MSg0,unknown,unknown,1,False,R-L,unknown,0.0
3328.10,MSg336 MSg89 MSg296 MSg342 MSg98,unknown,unknown,1,False,R-L,unknown,0.0
3329.10,MSg0 MSg149 MSg342 MSg0,unknown,unknown,1,False,R-L,unknown,0.0
3331.10,MSg65 MSg336 MSg89 MSg407 MSg169 MSg183 MSg169,unknown,unknown,1,False,R-L,unknown,0.0
3332.10,MSg53 MSg67 MSg407 MSg124 MSg169,unknown,unknown,1,False,R-L,unknown,0.0
3333.0,MSg295 MSg87 MSg0,unknown,unknown,1,False,R-L,unknown,33.33
3334.10,MSg184,unknown,unknown,1,False,R-L,unknown,0.0
3334.20,MSg204 MSg245 MSg342,unknown,unknown,1,False,R-L,unknown,0.0
3335.10,MSg336 MSg89 MSg087,unknown,unknown,1,False,R-L,unknown,33.33
3335.20,MSg72 MSg194 MSg169,unknown,unknown,1,False,R-L,unknown,0.0
3336.10,MSg336 MSg89 MSg296 MSg342 MSg98,unknown,unknown,1,False,R-L,unknown,0.0
3337.0,MSg65 MSg336 MSg89 MSg407 MSg169 MSg183 MSg169,unknown,unknown,1,False,R-L,unknown,0.0
3339.10,MSg204 MSg245 MSg358 MSg342,unknown,unknown,1,False,R-L,unknown,0.0
3340.10,MSg0 MSg194 MSg0 MSg342,unknown,unknown,1,False,R-L,unknown,0.0
3341.10,MSg204 MSg245 MSg358 MSg342,unknown,unknown,1,False,R-L,unknown,0.0
3342.10,MSg204 MSg245 MSg358 MSg342,unknown,unknown,1,False,R-L,unknown,0.0
3343.10,MSg346,unknown,unknown,1,False,R-L,unknown,0.0
3343.20,MSg389 MSg72 MSg326 MSg342,unknown,unknown,1,False,R-L,unknown,0.0
3344.10,MSg295 MSg87 MSg97 MSg252 MSg97 MSg25 MSg245 MSg245,unknown,unknown,1,False,R-L,unknown,0.0
3345.10,MSg389 MSg72 MSg48 MSg342,unknown,unknown,1,False,R-L,unknown,0.0
3346.0,MSg389 MSg72 MSg48 MSg342,unknown,unknown,1,False,R-L,unknown,0.0
3347.11,MSg298 MSg99 MSg104 MSg169,unknown,unknown,1,False,R-L,unknown,25.0
3347.12,MSg295 MSg87 MSg97 MSg252 MSg97 MSg25 MSg245 MSg245,unknown,unknown,1,False,R-L,unknown,0.0
3349.10,MSg336 MSg89 MSg0 MSg342,unknown,unknown,1,False,R-L,unknown,0.0
3350.10,MSg171 MSg59 MSg407 MSg169,unknown,unknown,1,False,R-L,unknown,0.0
3351.10,MSg102 MSg59 MSg8 MSg342,unknown,unknown,1,False,R-L,unknown,0.0
3352.10,MSg171 MSg59 MSg407 MSg169,unknown,unknown,1,False,R-L,unknown,0.0
3353.10,MSg204 MSg245 MSg358 MSg342,unknown,unknown,1,False,R-L,unknown,0.0
3354.10,MSg65 MSg336 MSg089 MSg407 MSg169 MSg183 MSg169,unknown,unknown,1,False,R-L,unknown,28.57
3355.10,MSg65 MSg336 MSg89 MSg407 MSg169 MSg183 MSg169,unknown,unknown,1,False,R-L,unknown,0.0
3356.10,MSg336 MSg89 MSg296 MSg342,unknown,unknown,1,False,R-L,unknown,0.0
3357.10,MSg102 MSg190 MSg48 MSg8 MSg342 MSg373,unknown,unknown,1,False,R-L,unknown,0.0
3358.10,MSg389 MSg407 MSg124 MSg169 MSg373 MSg287 MSg342,unknown,unknown,1,False,R-L,unknown,0.0
3359.10,MSg204 MSg245 MSg358 MSg342,unknown,unknown,1,False,R-L,unknown,0.0
3360.10,MSg363,unknown,unknown,1,False,R-L,unknown,0.0
3360.20,MSg59 MSg112 MSg194 MSg18 MSg211 MSg87 MSg169,unknown,unknown,1,False,R-L,unknown,0.0
3361.10,MSg204 MSg245 MSg358 MSg342,unknown,unknown,1,False,R-L,unknown,0.0
3362.10,MSg345 MSg341 MSg18 MSg252 MSg97 MSg25 MSg245 MSg245,unknown,unknown,1,False,R-L,unknown,0.0
3363.10,MSg102 MSg190 MSg48 MSg8 MSg342 MSg373,unknown,unknown,1,False,R-L,unknown,0.0
3364.10,MSg336 MSg89 MSg87,unknown,unknown,1,False,R-L,unknown,0.0
3364.20,MSg72 MSg194 MSg169,unknown,unknown,1,False,R-L,unknown,0.0
3365.0,MSg389 MSg407 MSg124 MSg169 MSg373 MSg287 MSg342,unknown,unknown,1,False,R-L,unknown,0.0
3367.0,MSg0 MSg59 MSg407 MSg0,unknown,unknown,1,False,R-L,unknown,25.0
3368.10,MSg336 MSg89 MSg296 MSg342 MSg98,unknown,unknown,1,False,R-L,unknown,0.0
3369.10,MSg389 MSg407 MSg124 MSg169 MSg373 MSg287 MSg342,unknown,unknown,1,False,R-L,unknown,0.0
3371.10,MSg204 MSg245 MSg358 MSg342,unknown,unknown,1,False,R-L,unknown,0.0
3372.10,MSg53 MSg67 MSg407 MSg124 MSg169,unknown,unknown,1,False,R-L,unknown,0.0
3373.10,MSg59 MSg112 MSg194 MSg18 MSg211 MSg87 MSg169,unknown,unknown,1,False,R-L,unknown,0.0
3374.10,MSg53 MSg67 MSg407 MSg124 MSg169,unknown,unknown,1,False,R-L,unknown,0.0
3375.10,MSg364,unknown,unknown,1,False,R-L,unknown,100.0
3375.20,MSg0 MSg18 MSg211 MSg87 MSg169,unknown,unknown,1,False,R-L,unknown,0.0
3376.0,MSg389 MSg407 MSg124 MSg169 MSg373 MSg287 MSg342,unknown,unknown,1,False,R-L,unknown,0.0
3378.10,MSg245 MSg184 MSg252,unknown,unknown,1,False,R-L,unknown,0.0
3379.10,MSg204 MSg245 MSg358 MSg342,unknown,unknown,1,False,R-L,unknown,0.0
3381.10,MSg65 MSg336 MSg89 MSg407 MSg169 MSg183 MSg169,unknown,unknown,1,False,R-L,unknown,0.0
3383.10,MSg102 MSg190 MSg48 MSg0,unknown,unknown,1,False,R-L,unknown,0.0
3384.10,MSg65 MSg336 MSg89 MSg407 MSg169 MSg183 MSg169,unknown,unknown,1,False,R-L,unknown,0.0
3385.10,MSg389 MSg407 MSg124 MSg169 MSg373 MSg287 MSg342,unknown,unknown,1,False,R-L,unknown,0.0
3386.10,MSg204 MSg245 MSg358 MSg342,unknown,unknown,1,False,R-L,unknown,0.0
3387.10,MSg389 MSg407 MSg124 MSg169 MSg373 MSg287 MSg342,unknown,unknown,1,False,R-L,unknown,0.0
3388.0,MSg336 MSg89 MSg296 MSg342,unknown,unknown,1,False,R-L,unknown,0.0
3390.0,MSg336 MSg89 MSg296 MSg342 MSg98,unknown,unknown,1,False,R-L,unknown,0.0
3391.10,MSg87 MSg155 MSg169,unknown,unknown,1,False,R-L,unknown,0.0
3392.10,MSg336 MSg89 MSg296 MSg342,unknown,unknown,1,False,R-L,unknown,0.0
3393.10,MSg345 MSg341 MSg18 MSg252 MSg97 MSg25 MSg245 MSg245,unknown,unknown,1,False,R-L,unknown,0.0
3395.0,MSg389 MSg72 MSg326 MSg342,unknown,unknown,1,False,R-L,unknown,25.0
3396.0,MSg389 MSg065 MSg72 MSg336 MSg89 MSg194 MSg169,unknown,unknown,1,False,R-L,unknown,14.29
3398.10,MSg184,unknown,unknown,1,False,R-L,unknown,0.0
3398.20,MSg204 MSg245 MSg342,unknown,unknown,1,False,R-L,unknown,0.0
3401.0,MSg345 MSg341 MSg018 MSg252 MSg97 MSg25 MSg245 MSg245,unknown,unknown,1,False,R-L,unknown,37.5
3403.10,MSg204 MSg245 MSg358 MSg342,unknown,unknown,1,False,R-L,unknown,25.0
3404.10,MSg204 MSg245 MSg358 MSg342,unknown,unknown,1,False,R-L,unknown,0.0
3405.10,MSg389 MSg72 MSg326 MSg342,unknown,unknown,1,False,R-L,unknown,0.0
3406.10,MSg0 MSg407 MSg124 MSg169 MSg0 MSg287 MSg342,unknown,unknown,1,False,R-L,unknown,0.0
3407.0,MSg345 MSg341 MSg18 MSg0,unknown,unknown,1,False,R-L,unknown,0.0
3410.0,MSg389 MSg0,unknown,unknown,1,False,R-L,unknown,0.0
3413.10,MSg0 MSg341 MSg18 MSg252 MSg97 MSg25 MSg245 MSg245,unknown,unknown,1,False,R-L,unknown,0.0
3414.10,MSg363,unknown,unknown,1,False,R-L,unknown,0.0
3414.20,MSg389 MSg407 MSg124 MSg169 MSg373 MSg287 MSg342,unknown,unknown,1,False,R-L,unknown,0.0
3415.11,MSg267 MSg402 MSg97 MSg25 MSg245 MSg245,unknown,unknown,1,False,R-L,unknown,0.0
3415.12,MSg65 MSg72 MSg62 MSg342,unknown,unknown,1,False,R-L,unknown,0.0
3501.0,MSg387 MSg135 MSg342,unknown,unknown,1,False,R-L,unknown,0.0
3502.0,MSg48 MSg342 MSg176,unknown,unknown,1,False,R-L,unknown,0.0
3503.0,MSg0 MSg178 MSg389 MSg0,unknown,unknown,1,False,R-L,unknown,0.0
3504.0,MSg386 MSg216 MSg342,unknown,unknown,1,False,R-L,unknown,0.0
3505.0,MSg216 MSg267 MSg121 MSg87 MSg347 MSg342 MSg176,unknown,unknown,1,False,R-L,unknown,14.29
3506.0,MSg0 MSg216 MSg403 MSg0 MSg347 MSg0,unknown,unknown,1,False,R-L,unknown,0.0
3507.0,MSg0 MSg403 MSg344 MSg98,unknown,unknown,1,False,R-L,unknown,0.0
3508.0,MSg65 MSg387 MSg0,unknown,unknown,1,False,R-L,unknown,0.0
3509.0,MSg0 MSg121 MSg347 MSg0,unknown,unknown,1,False,R-L,unknown,0.0
3510.0,MSg244 MSg407,unknown,unknown,1,False,R-L,unknown,0.0
3511.0,MSg366 MSg406,unknown,unknown,1,False,R-L,unknown,0.0
3512.0,MSg188 MSg302 MSg78 MSg202,unknown,unknown,1,False,R-L,unknown,0.0
3513.0,MSg403,unknown,unknown,1,False,R-L,unknown,0.0
4001.0,MSg301 MSg149 MSg100 MSg336 MSg89 MSg249 MSg169 MSg342 MSg98 MSg174,unknown,unknown,1,False,R-L,unknown,0.0
4002.0,MSg330 MSg245 MSg256 MSg99 MSg112 MSg194 MSg342,unknown,unknown,1,False,R-L,unknown,0.0
4003.0,MSg323 MSg323 MSg28 MSg114 MSg252 MSg252 MSg180 MSg391,unknown,unknown,1,False,R-L,unknown,12.5
4004.0,MSg300 MSg17 MSg293 MSg87 MSg326 MSg54 MSg336 MSg293,unknown,unknown,1,False,R-L,unknown,0.0
4005.0,MSg267 MSg99 MSg65 MSg67 MSg59 MSg387 MSg51 MSg130 MSg149 MSg342,unknown,unknown,1,False,R-L,unknown,0.0
4006.0,MSg261 MSg367 MSg87 MSg98 MSg304 MSg186,unknown,unknown,1,False,R-L,unknown,0.0
4007.0,MSg150 MSg0,unknown,unknown,1,False,R-L,unknown,0.0
4008.0,MSg302 MSg214 MSg97 MSg150 MSg127 MSg293,unknown,unknown,1,False,R-L,unknown,0.0
4009.0,MSg112 MSg59,unknown,unknown,1,False,R-L,unknown,0.0
4010.0,MSg150 MSg197 MSg252 MSg391,unknown,unknown,1,False,R-L,unknown,0.0
4011.0,MSg267 MSg099 MSg0,unknown,unknown,1,False,R-L,unknown,33.33
4012.0,MSg245 MSg245 MSg127 MSg345 MSg48 MSg342 MSg71,unknown,unknown,1,False,R-L,unknown,0.0
4013.0,MSg72 MSg336 MSg89 MSg48 MSg247 MSg342,unknown,unknown,1,False,R-L,unknown,0.0
4014.0,MSg245 MSg245 MSg344 MSg387 MSg53 MSg171 MSg59 MSg121 MSg135 MSg342,unknown,unknown,1,False,R-L,unknown,10.0
4015.0,MSg387 MSg171 MSg59 MSg336 MSg89 MSg211,unknown,unknown,1,False,R-L,unknown,0.0
4016.0,MSg391 MSg97 MSg53 MSg67 MSg70 MSg327 MSg342,unknown,unknown,1,False,R-L,unknown,0.0
4017.0,MSg87 MSg284 MSg342 MSg98 MSg178 MSg389 MSg15,unknown,unknown,1,False,R-L,unknown,0.0
4018.0,MSg296 MSg342,unknown,unknown,1,False,R-L,unknown,0.0
4019.0,MSg216 MSg123 MSg389 MSg87 MSg59 MSg51 MSg130 MSg149 MSg48 MSg342,unknown,unknown,1,False,R-L,unknown,0.0
4020.0,MSg293 MSg233 MSg59 MSg99 MSg387 MSg336 MSg89 MSg112 MSg194 MSg342,unknown,unknown,1,False,R-L,unknown,0.0
4021.0,MSg267 MSg099 MSg336 MSg89 MSg112 MSg194 MSg342,unknown,unknown,1,False,R-L,unknown,28.57
4022.0,MSg267 MSg99 MSg389 MSg65 MSg72 MSg222 MSg254 MSg124 MSg169,unknown,unknown,1,False,R-L,unknown,0.0
4023.0,MSg183 MSg169 MSg99 MSg389 MSg72 MSg182 MSg293 MSg342,unknown,unknown,1,False,R-L,unknown,0.0
4024.0,MSg75 MSg180 MSg391 MSg252,unknown,unknown,1,False,R-L,unknown,0.0
4025.0,MSg412 MSg123 MSg53 MSg171 MSg59 MSg121 MSg342 MSg222 MSg254,unknown,unknown,1,False,R-L,unknown,0.0
4026.0,MSg216 MSg123 MSg67 MSg342 MSg139,unknown,unknown,1,False,R-L,unknown,0.0
4027.0,MSg0 MSg389 MSg171 MSg59 MSg294 MSg375,unknown,unknown,1,False,R-L,unknown,0.0
4028.0,MSg307 MSg86 MSg99 MSg387 MSg53 MSg65 MSg336 MSg89 MSg211,unknown,unknown,1,False,R-L,unknown,0.0
4029.0,MSg387 MSg15,unknown,unknown,1,False,R-L,unknown,0.0
4030.0,MSg135 MSg358 MSg342,unknown,unknown,1,False,R-L,unknown,0.0
4031.0,MSg228 MSg342,unknown,unknown,1,False,R-L,unknown,0.0
4032.0,MSg317 MSg0,unknown,unknown,1,False,R-L,unknown,0.0
4033.0,MSg102 MSg17 MSg8 MSg342,unknown,unknown,1,False,R-L,unknown,0.0
4034.0,MSg417 MSg267 MSg99 MSg53 MSg194 MSg342,unknown,unknown,1,False,R-L,unknown,0.0
4035.0,MSg267 MSg99 MSg9 MSg342 MSg1,unknown,unknown,1,False,R-L,unknown,0.0
4036.0,MSg379 MSg343 MSg87 MSg59 MSg72 MSg14,unknown,unknown,1,False,R-L,unknown,0.0
4037.0,MSg294 MSg132 MSg99 MSg326 MSg342 MSg1,unknown,unknown,1,False,R-L,unknown,16.67
4038.0,MSg56 MSg28 MSg0,unknown,unknown,1,False,R-L,unknown,0.0
4039.0,MSg0 MSg169,unknown,unknown,1,False,R-L,unknown,0.0
4040.0,MSg244 MSg336 MSg189 MSg252,unknown,unknown,1,False,R-L,unknown,50.0
4042.0,MSg244 MSg17 MSg252,unknown,unknown,1,False,R-L,unknown,0.0
4043.0,MSg391 MSg99 MSg9 MSg342 MSg1,unknown,unknown,1,False,R-L,unknown,0.0
4044.0,MSg87 MSg59 MSg72 MSg341 MSg342,unknown,unknown,1,False,R-L,unknown,0.0
4045.0,MSg261 MSg174 MSg244 MSg252 MSg99 MSg59 MSg390,unknown,unknown,1,False,R-L,unknown,14.29
4046.0,MSg59 MSg209 MSg211 MSg100 MSg273 MSg87,unknown,unknown,1,False,R-L,unknown,0.0
4047.0,MSg116 MSg169 MSg48 MSg8 MSg342,unknown,unknown,1,False,R-L,unknown,0.0
4049.0,MSg0 MSg65 MSg336 MSg89 MSg347 MSg342,unknown,unknown,1,False,R-L,unknown,0.0
4050.0,MSg197 MSg267 MSg402,unknown,unknown,1,False,R-L,unknown,0.0
4051.0,MSg0 MSg99 MSg336 MSg51 MSg342,unknown,unknown,1,False,R-L,unknown,0.0
4052.0,MSg412 MSg123 MSg67 MSg72 MSg211,unknown,unknown,1,False,R-L,unknown,0.0
4053.0,MSg267 MSg99 MSg059 MSg0,unknown,unknown,1,False,R-L,unknown,25.0
4054.0,MSg86 MSg124 MSg0,unknown,unknown,1,False,R-L,unknown,0.0
4055.0,MSg87 MSg322 MSg99 MSg336 MSg89 MSg211,unknown,unknown,1,False,R-L,unknown,0.0
4056.0,MSg150 MSg123 MSg53 MSg67 MSg72 MSg211,unknown,unknown,1,False,R-L,unknown,0.0
4057.0,MSg267 MSg99 MSg65 MSg135 MSg342,unknown,unknown,1,False,R-L,unknown,0.0
4059.0,MSg0 MSg75 MSg12,unknown,unknown,1,False,R-L,unknown,0.0
4060.0,MSg0 MSg267 MSg99 MSg70 MSg72 MSg53 MSg0,unknown,unknown,1,False,R-L,unknown,0.0
4061.0,MSg204 MSg112 MSg342 MSg067 MSg0,unknown,unknown,1,False,R-L,unknown,20.0
4067.0,MSg175 MSg180 MSg99 MSg153 MSg153 MSg342,unknown,unknown,1,False,R-L,unknown,16.67
4069.0,MSg345 MSg341 MSg189 MSg252,unknown,unknown,1,False,R-L,unknown,0.0
4071.0,MSg391 MSg99 MSg87 MSg59 MSg211,unknown,unknown,1,False,R-L,unknown,20.0
4072.0,MSg319 MSg379 MSg402 MSg97 MSg65 MSg53 MSg342,unknown,unknown,1,False,R-L,unknown,0.0
4073.0,MSg267 MSg99 MSg102 MSg59 MSg347 MSg12,unknown,unknown,1,False,R-L,unknown,0.0
4074.0,MSg136 MSg193 MSg342,unknown,unknown,1,False,R-L,unknown,0.0
4075.10,MSg267 MSg99 MSg87 MSg155 MSg249 MSg162 MSg342,unknown,unknown,1,False,R-L,unknown,0.0
4075.20,MSg267 MSg99 MSg87 MSg155 MSg249 MSg162 MSg342,unknown,unknown,1,False,R-L,unknown,0.0
4076.0,MSg65 MSg182 MSg293 MSg342,unknown,unknown,1,False,R-L,unknown,0.0
4077.0,MSg87 MSg141 MSg169,unknown,unknown,1,False,R-L,unknown,0.0
4078.0,MSg391 MSg97 MSg67 MSg127 MSg342,unknown,unknown,1,False,R-L,unknown,0.0
4079.0,MSg204 MSg329 MSg99 MSg67 MSg48 MSg342,unknown,unknown,1,False,R-L,unknown,0.0
4080.0,MSg267 MSg99 MSg375 MSg403 MSg402,unknown,unknown,1,False,R-L,unknown,20.0
4081.0,MSg121 MSg65 MSg336 MSg89 MSg389 MSg102 MSg287 MSg342,unknown,unknown,1,False,R-L,unknown,0.0
4082.0,MSg335 MSg162 MSg343 MSg67 MSg249 MSg162 MSg342,unknown,unknown,1,False,R-L,unknown,0.0
4083.0,MSg375 MSg267 MSg99 MSg336 MSg89 MSg211,unknown,unknown,1,False,R-L,unknown,0.0
4084.0,MSg102 MSg287 MSg329 MSg343 MSg67 MSg8 MSg342,unknown,unknown,1,False,R-L,unknown,0.0
4085.0,MSg267 MSg402 MSg102 MSg162,unknown,unknown,1,False,R-L,unknown,0.0
4086.0,MSg122 MSg14,unknown,unknown,1,False,R-L,unknown,0.0
4087.0,MSg336 MSg64 MSg99 MSg102 MSg287 MSg342,unknown,unknown,1,False,R-L,unknown,0.0
4088.0,MSg267 MSg99 MSg65 MSg359 MSg342,unknown,unknown,1,False,R-L,unknown,0.0
4089.0,MSg85,unknown,unknown,1,False,R-L,unknown,0.0
4090.0,MSg267 MSg99 MSg67 MSg244 MSg342,unknown,unknown,1,False,R-L,unknown,0.0
4091.0,MSg102 MSg190,unknown,unknown,1,False,R-L,unknown,0.0
4092.0,MSg267 MSg99 MSg70 MSg222 MSg254,unknown,unknown,1,False,R-L,unknown,0.0
4093.0,MSg173 MSg342,unknown,unknown,1,False,R-L,unknown,0.0
4094.0,MSg119 MSg87 MSg342,unknown,unknown,1,False,R-L,unknown,0.0
4095.0,MSg87 MSg59 MSg87 MSg284 MSg0,unknown,unknown,1,False,R-L,unknown,0.0
4096.0,MSg215 MSg194 MSg267,unknown,unknown,1,False,R-L,unknown,0.0
4097.0,MSg391 MSg99 MSg391 MSg252 MSg175 MSg180,unknown,unknown,1,False,R-L,unknown,0.0
4098.0,MSg0 MSg1 MSg343 MSg67 MSg0,unknown,unknown,1,False,R-L,unknown,0.0
4099.0,MSg373 MSg249 MSg169 MSg342,unknown,unknown,1,False,R-L,unknown,0.0
4100.0,MSg87 MSg249 MSg53 MSg99 MSg48 MSg0,unknown,unknown,1,False,R-L,unknown,0.0
4101.0,MSg267 MSg99 MSg59 MSg70 MSg296 MSg342,unknown,unknown,1,False,R-L,unknown,0.0
4102.0,MSg0 MSg99 MSg341 MSg8 MSg342,unknown,unknown,1,False,R-L,unknown,0.0
4103.0,MSg94 MSg400 MSg402 MSg99 MSg67 MSg171 MSg8 MSg342,unknown,unknown,1,False,R-L,unknown,0.0
4104.0,MSg293 MSg123 MSg345 MSg65 MSg67 MSg70 MSg249 MSg162 MSg342,unknown,unknown,1,False,R-L,unknown,0.0
4105.0,MSg65 MSg70 MSg358 MSg342 MSg178 MSg389 MSg15,unknown,unknown,1,False,R-L,unknown,0.0
4106.0,MSg121 MSg121 MSg171 MSg123 MSg67 MSg348 MSg342,unknown,unknown,1,False,R-L,unknown,0.0
4107.0,MSg28 MSg277 MSg99 MSg104 MSg169,unknown,unknown,1,False,R-L,unknown,0.0
4108.0,MSg0 MSg99 MSg87 MSg294 MSg342,unknown,unknown,1,False,R-L,unknown,0.0
4109.0,MSg0 MSg186 MSg343 MSg28 MSg249 MSg169 MSg342,unknown,unknown,1,False,R-L,unknown,14.29
4110.0,MSg150 MSg123 MSg48 MSg342,unknown,unknown,1,False,R-L,unknown,0.0
4111.0,MSg0 MSg343 MSg70 MSg72 MSg249 MSg162 MSg342,unknown,unknown,1,False,R-L,unknown,0.0
4112.0,MSg267 MSg99 MSg387 MSg72 MSg211,unknown,unknown,1,False,R-L,unknown,0.0
4113.0,MSg27 MSg345 MSg72 MSg53 MSg342,unknown,unknown,1,False,R-L,unknown,0.0
4114.0,MSg295 MSg345 MSg104 MSg169,unknown,unknown,1,False,R-L,unknown,0.0
4115.0,MSg86 MSg250,unknown,unknown,1,False,R-L,unknown,0.0
4116.0,MSg391 MSg99 MSg109 MSg59 MSg12,unknown,unknown,1,False,R-L,unknown,0.0
4117.0,MSg267 MSg99 MSg65 MSg388,unknown,unknown,1,False,R-L,unknown,0.0
4118.0,MSg412 MSg123 MSg98 MSg51 MSg130 MSg149 MSg342,unknown,unknown,1,False,R-L,unknown,0.0
4119.0,MSg267 MSg99 MSg53 MSg182 MSg293 MSg112 MSg197 MSg342 MSg176,unknown,unknown,1,False,R-L,unknown,0.0
4120.0,MSg25 MSg245 MSg245,unknown,unknown,1,False,R-L,unknown,0.0
4121.0,MSg86 MSg59 MSg127 MSg249,unknown,unknown,1,False,R-L,unknown,25.0
4122.0,MSg205 MSg102 MSg162,unknown,unknown,1,False,R-L,unknown,0.0
4123.10,MSg384 MSg99 MSg205 MSg245 MSg342,unknown,unknown,1,False,R-L,unknown,0.0
4123.20,MSg245 MSg307 MSg307 MSg249 MSg307 MSg342,unknown,unknown,1,False,R-L,unknown,0.0
4124.0,MSg77 MSg342,unknown,unknown,1,False,R-L,unknown,0.0
4125.0,MSg67 MSg301 MSg155 MSg211,unknown,unknown,1,False,R-L,unknown,0.0
4126.0,MSg267 MSg99 MSg102 MSg162,unknown,unknown,1,False,R-L,unknown,0.0
4127.0,MSg378 MSg0,unknown,unknown,1,False,R-L,unknown,0.0
4128.0,MSg102 MSg17 MSg8 MSg342,unknown,unknown,1,False,R-L,unknown,0.0
4129.0,MSg47 MSg211,unknown,unknown,1,False,R-L,unknown,0.0
4130.0,MSg170 MSg75 MSg245 MSg245,unknown,unknown,1,False,R-L,unknown,0.0
4131.0,MSg28 MSg169 MSg343 MSg249 MSg169 MSg342,unknown,unknown,1,False,R-L,unknown,0.0
4132.0,MSg328 MSg343 MSg249 MSg162 MSg342,unknown,unknown,1,False,R-L,unknown,0.0
4133.0,MSg102 MSg216 MSg245 MSg245,unknown,unknown,1,False,R-L,unknown,0.0
4134.0,MSg391 MSg99 MSg106 MSg287 MSg342,unknown,unknown,1,False,R-L,unknown,0.0
4135.0,MSg87 MSg28 MSg257 MSg99,unknown,unknown,1,False,R-L,unknown,0.0
4136.0,MSg0 MSg206 MSg12,unknown,unknown,1,False,R-L,unknown,0.0
4137.0,MSg124 MSg25 MSg176 MSg342,unknown,unknown,1,False,R-L,unknown,0.0
4138.0,MSg103 MSg403 MSg347 MSg342,unknown,unknown,1,False,R-L,unknown,0.0
4139.0,MSg305 MSg123 MSg249 MSg162 MSg342,unknown,unknown,1,False,R-L,unknown,0.0
4140.0,MSg67 MSg72 MSg204,unknown,unknown,1,False,R-L,unknown,0.0
4141.0,MSg155 MSg162 MSg99 MSg102 MSg59 MSg342 MSg1,unknown,unknown,1,False,R-L,unknown,0.0
4142.0,MSg341 MSg8 MSg342,unknown,unknown,1,False,R-L,unknown,0.0
4143.0,MSg87 MSg59 MSg342 MSg1,unknown,unknown,1,False,R-L,unknown,0.0
4144.0,MSg0 MSg002 MSg12,unknown,unknown,1,False,R-L,unknown,33.33
4145.0,MSg086 MSg124 MSg25 MSg176 MSg342,unknown,unknown,1,False,R-L,unknown,20.0
4146.0,MSg124 MSg342,unknown,unknown,1,False,R-L,unknown,0.0
4147.0,MSg328 MSg343 MSg89 MSg294 MSg342,unknown,unknown,1,False,R-L,unknown,0.0
4148.0,MSg86 MSg175 MSg176 MSg211,unknown,unknown,1,False,R-L,unknown,0.0
4149.0,MSg0 MSg59 MSg211,unknown,unknown,1,False,R-L,unknown,0.0
4150.0,MSg0 MSg127 MSg127 MSg342,unknown,unknown,1,False,R-L,unknown,0.0
4152.0,MSg391 MSg99 MSg100 MSg287 MSg194 MSg342,unknown,unknown,1,False,R-L,unknown,0.0
4153.0,MSg253 MSg230 MSg99 MSg65 MSg67 MSg0,unknown,unknown,1,False,R-L,unknown,0.0
4154.0,MSg267 MSg99 MSg72 MSg0,unknown,unknown,1,False,R-L,unknown,0.0
4155.0,MSg124 MSg342,unknown,unknown,1,False,R-L,unknown,0.0
4156.0,MSg076 MSg402 MSg99,unknown,unknown,1,False,R-L,unknown,33.33
4158.0,MSg355 MSg0,unknown,unknown,1,False,R-L,unknown,50.0
4159.0,MSg391 MSg99 MSg87 MSg0,unknown,unknown,1,False,R-L,unknown,0.0
4160.0,MSg104 MSg169,unknown,unknown,1,False,R-L,unknown,0.0
4161.0,MSg249 MSg162 MSg342 MSg176,unknown,unknown,1,False,R-L,unknown,0.0
4162.0,MSg87 MSg249 MSg343 MSg175 MSg230 MSg53 MSg342,unknown,unknown,1,False,R-L,unknown,0.0
4163.0,MSg254 MSg98 MSg380 MSg32,unknown,unknown,1,False,R-L,unknown,0.0
4164.0,MSg102 MSg59 MSg342 MSg1 MSg176,unknown,unknown,1,False,R-L,unknown,0.0
4165.0,MSg283 MSg162,unknown,unknown,1,False,R-L,unknown,0.0
4166.0,MSg86 MSg15,unknown,unknown,1,False,R-L,unknown,0.0
4167.0,MSg087 MSg0 MSg342,unknown,unknown,1,False,R-L,unknown,33.33
4168.0,MSg0 MSg59 MSg342 MSg1,unknown,unknown,1,False,R-L,unknown,0.0
4169.0,MSg0 MSg294 MSg375,unknown,unknown,1,False,R-L,unknown,0.0
4170.0,MSg0 MSg149 MSg342,unknown,unknown,1,False,R-L,unknown,33.33
4171.0,MSg109 MSg59,unknown,unknown,1,False,R-L,unknown,0.0
4172.0,MSg0 MSg336 MSg89 MSg211 MSg0,unknown,unknown,1,False,R-L,unknown,20.0
4176.0,MSg391 MSg99 MSg67 MSg0,unknown,unknown,1,False,R-L,unknown,0.0
4177.0,MSg0 MSg002 MSg12,unknown,unknown,1,False,R-L,unknown,33.33
4178.0,MSg149 MSg51 MSg0,unknown,unknown,1,False,R-L,unknown,0.0
4180.0,MSg173 MSg99 MSg0,unknown,unknown,1,False,R-L,unknown,0.0
4181.0,MSg416 MSg342,unknown,unknown,1,False,R-L,unknown,0.0
4183.0,MSg267 MSg0,unknown,unknown,1,False,R-L,unknown,0.0
4185.0,MSg0 MSg137 MSg244 MSg0,unknown,unknown,1,False,R-L,unknown,0.0
4186.0,MSg0 MSg99 MSg301 MSg0,unknown,unknown,1,False,R-L,unknown,0.0
4188.0,MSg287 MSg136 MSg135 MSg287 MSg342,unknown,unknown,1,False,R-L,unknown,20.0
4189.0,MSg0 MSg72 MSg204 MSg112 MSg342,unknown,unknown,1,False,R-L,unknown,0.0
4197.0,MSg0 MSg015,unknown,unknown,1,False,R-L,unknown,50.0
4198.0,MSg0 MSg53 MSg342,unknown,unknown,1,False,R-L,unknown,0.0
4204.1,MSg87 MSg244 MSg245 MSg245 MSg0,unknown,unknown,1,False,R-L,unknown,0.0
4204.2,MSg242,unknown,unknown,1,False,R-L,unknown,0.0
4206.0,MSg0 MSg102 MSg0,unknown,unknown,1,False,R-L,unknown,0.0
4207.0,MSg345 MSg0,unknown,unknown,1,False,R-L,unknown,0.0
4208.0,MSg301 MSg0,unknown,unknown,1,False,R-L,unknown,0.0
4211.0,MSg86 MSg336 MSg89 MSg211,unknown,unknown,1,False,R-L,unknown,0.0
4212.0,MSg267 MSg0,unknown,unknown,1,False,R-L,unknown,0.0
4217.0,MSg1 MSg001 MSg0,unknown,unknown,1,False,R-L,unknown,33.33
4220.0,MSg252 MSg382 MSg391,unknown,unknown,1,False,R-L,unknown,0.0
4222.10,MSg197 MSg169 MSg345,unknown,unknown,1,False,R-L,unknown,0.0
4222.20,MSg197 MSg169,unknown,unknown,1,False,R-L,unknown,0.0
4223.0,MSg224 MSg176,unknown,unknown,1,False,R-L,unknown,0.0
4224.1,MSg86 MSg134 MSg7 MSg342,unknown,unknown,1,False,R-L,unknown,0.0
4224.2,MSg97 MSg216,unknown,unknown,1,False,R-L,unknown,0.0
4225.0,MSg72 MSg017,unknown,unknown,1,False,R-L,unknown,50.0
4227.0,MSg127 MSg55 MSg84 MSg402 MSg212,unknown,unknown,1,False,R-L,unknown,0.0
4228.0,MSg343 MSg237 MSg81 MSg176,unknown,unknown,1,False,R-L,unknown,25.0
4229.0,MSg89 MSg99 MSg173 MSg59 MSg398 MSg48 MSg15,unknown,unknown,1,False,R-L,unknown,0.0
4230.0,MSg150 MSg123 MSg302 MSg155 MSg211,unknown,unknown,1,False,R-L,unknown,0.0
4231.0,MSg328 MSg307,unknown,unknown,1,False,R-L,unknown,0.0
4232.0,MSg267 MSg99 MSg59 MSg59 MSg211,unknown,unknown,1,False,R-L,unknown,0.0
4233.0,MSg86 MSg230 MSg211,unknown,unknown,1,False,R-L,unknown,0.0
4235.0,MSg40 MSg176,unknown,unknown,1,False,R-L,unknown,0.0
4236.0,MSg150 MSg0,unknown,unknown,1,False,R-L,unknown,0.0
4237.0,MSg87 MSg284 MSg342,unknown,unknown,1,False,R-L,unknown,0.0
4238.0,MSg343 MSg229 MSg59 MSg99 MSg112 MSg162,unknown,unknown,1,False,R-L,unknown,0.0
4239.0,MSg89 MSg106 MSg287 MSg342,unknown,unknown,1,False,R-L,unknown,0.0
4240.0,MSg330 MSg245 MSg342,unknown,unknown,1,False,R-L,unknown,0.0
4241.0,MSg22 MSg47 MSg343 MSg65 MSg67 MSg8 MSg342,unknown,unknown,1,False,R-L,unknown,0.0
4243.0,MSg0 MSg123 MSg104 MSg369 MSg342,unknown,unknown,1,False,R-L,unknown,20.0
4244.0,MSg86 MSg197 MSg99 MSg389 MSg0,unknown,unknown,1,False,R-L,unknown,0.0
4245.0,MSg261 MSg186 MSg343 MSg171 MSg8 MSg391 MSg252,unknown,unknown,1,False,R-L,unknown,0.0
4246.0,MSg31,unknown,unknown,1,False,R-L,unknown,0.0
4249.0,MSg281 MSg342 MSg402,unknown,unknown,1,False,R-L,unknown,0.0
4250.0,MSg0 MSg59 MSg99 MSg67 MSg65 MSg347 MSg342,unknown,unknown,1,False,R-L,unknown,0.0
4251.1,MSg295 MSg336 MSg53,unknown,unknown,1,False,R-L,unknown,0.0
4251.2,MSg237 MSg237 MSg237 MSg125,unknown,unknown,1,False,R-L,unknown,0.0
4253.0,MSg391 MSg403 MSg87 MSg342,unknown,unknown,1,False,R-L,unknown,0.0
4254.0,MSg389 MSg171 MSg59 MSg341 MSg342 MSg336 MSg89 MSg211 MSg2 MSg14,unknown,unknown,1,False,R-L,unknown,0.0
4256.1,MSg109 MSg59 MSg211,unknown,unknown,1,False,R-L,unknown,0.0
4256.2,MSg293 MSg267,unknown,unknown,1,False,R-L,unknown,0.0
4258.0,MSg0 MSg99 MSg171 MSg59 MSg211,unknown,unknown,1,False,R-L,unknown,20.0
4259.0,MSg0 MSg72 MSg0,unknown,unknown,1,False,R-L,unknown,0.0
4260.0,MSg249 MSg28 MSg99 MSg216 MSg254,unknown,unknown,1,False,R-L,unknown,0.0
4261.0,MSg150 MSg123 MSg53 MSg171 MSg59 MSg226 MSg342,unknown,unknown,1,False,R-L,unknown,0.0
4262.0,MSg72 MSg186 MSg301 MSg155 MSg347 MSg342,unknown,unknown,1,False,R-L,unknown,0.0
4263.0,MSg343 MSg87 MSg59 MSg67 MSg403 MSg87 MSg342,unknown,unknown,1,False,R-L,unknown,0.0
4264.0,MSg267 MSg99 MSg102 MSg59 MSg249 MSg169 MSg342,unknown,unknown,1,False,R-L,unknown,0.0
4265.0,MSg0 MSg216 MSg343 MSg244 MSg252,unknown,unknown,1,False,R-L,unknown,20.0
4266.0,MSg89 MSg381 MSg28 MSg174 MSg180 MSg97,unknown,unknown,1,False,R-L,unknown,0.0
4267.0,MSg204 MSg267 MSg402,unknown,unknown,1,False,R-L,unknown,0.0
4268.0,MSg267 MSg99 MSg87 MSg326 MSg342,unknown,unknown,1,False,R-L,unknown,0.0
4269.0,MSg319 MSg83 MSg267 MSg99 MSg87 MSg59 MSg65 MSg342 MSg124 MSg169,unknown,unknown,1,False,R-L,unknown,0.0
4270.0,MSg267 MSg99 MSg389 MSg70 MSg348 MSg342,unknown,unknown,1,False,R-L,unknown,0.0
4271.0,MSg0 MSg054 MSg58 MSg197 MSg252 MSg99 MSg121 MSg336 MSg89 MSg67 MSg72 MSg403 MSg87 MSg342,unknown,unknown,1,False,R-L,unknown,7.14
4272.0,MSg150 MSg123 MSg375 MSg385 MSg81 MSg342,unknown,unknown,1,False,R-L,unknown,0.0
4273.0,MSg336 MSg341 MSg327 MSg15,unknown,unknown,1,False,R-L,unknown,25.0
4274.0,MSg65 MSg72 MSg99 MSg155 MSg102 MSg287 MSg87 MSg169,unknown,unknown,1,False,R-L,unknown,0.0
4275.0,MSg391 MSg99 MSg65 MSg244 MSg58 MSg336 MSg89 MSg124 MSg169,unknown,unknown,1,False,R-L,unknown,0.0
4276.10,MSg178 MSg389 MSg15 MSg176,unknown,unknown,1,False,R-L,unknown,0.0
4276.20,MSg112 MSg402,unknown,unknown,1,False,R-L,unknown,0.0
4277.0,MSg0 MSg59 MSg0,unknown,unknown,1,False,R-L,unknown,0.0
4279.0,MSg389 MSg121 MSg342,unknown,unknown,1,False,R-L,unknown,0.0
4280.0,MSg54 MSg307 MSg413,unknown,unknown,1,False,R-L,unknown,0.0
4281.0,MSg391 MSg99 MSg389 MSg067 MSg72 MSg336 MSg89 MSg211,unknown,unknown,1,False,R-L,unknown,12.5
4282.0,MSg267 MSg99 MSg98 MSg178 MSg389 MSg15,unknown,unknown,1,False,R-L,unknown,0.0
4283.0,MSg293 MSg293 MSg293 MSg342 MSg126,unknown,unknown,1,False,R-L,unknown,0.0
4284.0,MSg204 MSg245 MSg15,unknown,unknown,1,False,R-L,unknown,0.0
4285.0,MSg65 MSg67 MSg211,unknown,unknown,1,False,R-L,unknown,0.0
4286.0,MSg0 MSg415 MSg342,unknown,unknown,1,False,R-L,unknown,0.0
4287.0,MSg0 MSg65 MSg70 MSg124 MSg169,unknown,unknown,1,False,R-L,unknown,0.0
4288.0,MSg0 MSg65 MSg336 MSg89 MSg194 MSg169,unknown,unknown,1,False,R-L,unknown,0.0
4289.0,MSg87 MSg59 MSg342,unknown,unknown,1,False,R-L,unknown,0.0
4290.0,MSg0 MSg57 MSg015,unknown,unknown,1,False,R-L,unknown,33.33
4291.0,MSg17 MSg336 MSg244 MSg0,unknown,unknown,1,False,R-L,unknown,0.0
4292.0,MSg0 MSg48 MSg8 MSg342,unknown,unknown,1,False,R-L,unknown,0.0
4293.0,MSg267 MSg99 MSg287 MSg0,unknown,unknown,1,False,R-L,unknown,25.0
4294.0,MSg253 MSg319 MSg175 MSg180 MSg0,unknown,unknown,1,False,R-L,unknown,0.0
4295.0,MSg267 MSg99 MSg0,unknown,unknown,1,False,R-L,unknown,0.0
4296.0,MSg241 MSg287 MSg319 MSg176 MSg51 MSg176,unknown,unknown,1,False,R-L,unknown,0.0
4297.0,MSg249 MSg169 MSg342 MSg98 MSg178 MSg389 MSg15,unknown,unknown,1,False,R-L,unknown,0.0
4298.0,MSg389 MSg224,unknown,unknown,1,False,R-L,unknown,0.0
4299.0,MSg234 MSg0,unknown,unknown,1,False,R-L,unknown,0.0
4300.0,MSg186 MSg0,unknown,unknown,1,False,R-L,unknown,50.0
4301.0,MSg391 MSg0,unknown,unknown,1,False,R-L,unknown,0.0
4302.0,MSg112 MSg169,unknown,unknown,1,False,R-L,unknown,100.0
4303.10,MSg391 MSg391 MSg342,unknown,unknown,1,False,R-L,unknown,0.0
4304.10,MSg402 MSg188 MSg343 MSg249 MSg162 MSg12,unknown,unknown,1,False,R-L,unknown,0.0
4304.20,MSg402 MSg188 MSg343 MSg249 MSg162 MSg12,unknown,unknown,1,False,R-L,unknown,0.0
4305.10,MSg344,unknown,unknown,1,False,R-L,unknown,0.0
4305.20,MSg344,unknown,unknown,1,False,R-L,unknown,0.0
4305.30,MSg344,unknown,unknown,1,False,R-L,unknown,0.0
4306.10,MSg403 MSg87 MSg342,unknown,unknown,1,False,R-L,unknown,0.0
4306.20,MSg403 MSg87 MSg342,unknown,unknown,1,False,R-L,unknown,0.0
4307.10,MSg48 MSg8 MSg342,unknown,unknown,1,False,R-L,unknown,0.0
4309.10,MSg155 MSg342 MSg249,unknown,unknown,1,False,R-L,unknown,0.0
4309.21,MSg336 MSg321,unknown,unknown,1,False,R-L,unknown,0.0
4309.22,MSg87 MSg141 MSg328 MSg328,unknown,unknown,1,False,R-L,unknown,0.0
4311.0,MSg384,unknown,unknown,1,False,R-L,unknown,0.0
4312.10,MSg70 MSg53 MSg48 MSg342,unknown,unknown,1,False,R-L,unknown,0.0
4314.10,MSg267 MSg99 MSg67 MSg294 MSg342,unknown,unknown,1,False,R-L,unknown,0.0
4314.20,MSg87 MSg328,unknown,unknown,1,False,R-L,unknown,0.0
4315.10,MSg210 MSg169 MSg99 MSg67 MSg211,unknown,unknown,1,False,R-L,unknown,0.0
4316.10,MSg267 MSg99 MSg86 MSg336 MSg12 MSg89 MSg328,unknown,unknown,1,False,R-L,unknown,0.0
4317.10,MSg150 MSg0 MSg267 MSg0 MSg162 MSg342 MSg176,unknown,unknown,1,False,R-L,unknown,0.0
4318.10,MSg341 MSg342 MSg176,unknown,unknown,1,False,R-L,unknown,0.0
4319.10,MSg293 MSg123 MSg343 MSg106 MSg402 MSg336 MSg321,unknown,unknown,1,False,R-L,unknown,0.0
4320.10,MSg47 MSg48 MSg8 MSg342 MSg176,unknown,unknown,1,False,R-L,unknown,0.0
4321.10,MSg67 MSg135 MSg347 MSg342,unknown,unknown,1,False,R-L,unknown,0.0
4321.20,MSg345 MSg328,unknown,unknown,1,False,R-L,unknown,0.0
4322.10,MSg337 MSg294 MSg15 MSg176,unknown,unknown,1,False,R-L,unknown,0.0
4323.10,MSg178 MSg389 MSg15,unknown,unknown,1,False,R-L,unknown,0.0
4324.10,MSg59 MSg59 MSg155 MSg211,unknown,unknown,1,False,R-L,unknown,0.0
4324.20,MSg87 MSg328,unknown,unknown,1,False,R-L,unknown,0.0
4325.10,MSg171 MSg8 MSg342 MSg1 MSg176,unknown,unknown,1,False,R-L,unknown,0.0
4326.10,MSg267 MSg99 MSg104 MSg169,unknown,unknown,1,False,R-L,unknown,0.0
4327.10,MSg293 MSg59 MSg307 MSg268 MSg176,unknown,unknown,1,False,R-L,unknown,0.0
4328.10,MSg287 MSg319 MSg134 MSg86,unknown,unknown,1,False,R-L,unknown,0.0
4329.10,MSg403 MSg294 MSg15,unknown,unknown,1,False,R-L,unknown,0.0
4330.10,MSg0 MSg307 MSg268 MSg176,unknown,unknown,1,False,R-L,unknown,0.0
4331.10,MSg175 MSg230 MSg53 MSg342,unknown,unknown,1,False,R-L,unknown,0.0
4332.10,MSg175 MSg230 MSg53 MSg342,unknown,unknown,1,False,R-L,unknown,0.0
4333.10,MSg53 MSg0,unknown,unknown,1,False,R-L,unknown,0.0
4334.10,MSg389 MSg171 MSg59 MSg182 MSg293 MSg51 MSg130 MSg149 MSg249 MSg169 MSg342,unknown,unknown,1,False,R-L,unknown,9.09
4335.10,MSg389 MSg171 MSg59 MSg182 MSg293 MSg51 MSg130 MSg149 MSg249 MSg169 MSg342,unknown,unknown,1,False,R-L,unknown,0.0
4336.10,MSg389 MSg171 MSg59 MSg182 MSg293 MSg51 MSg130 MSg149 MSg249 MSg169 MSg342,unknown,unknown,1,False,R-L,unknown,9.09
4337.10,MSg127 MSg342 MSg176 MSg403 MSg340,unknown,unknown,1,False,R-L,unknown,0.0
4338.10,MSg204 MSg112 MSg342 MSg176,unknown,unknown,1,False,R-L,unknown,0.0
4339.10,MSg204 MSg112 MSg342 MSg0,unknown,unknown,1,False,R-L,unknown,0.0
4340.10,MSg391 MSg99 MSg40 MSg89 MSg328,unknown,unknown,1,False,R-L,unknown,0.0
4341.10,MSg178 MSg389 MSg15 MSg176,unknown,unknown,1,False,R-L,unknown,0.0
4342.10,MSg65 MSg8 MSg342 MSg176,unknown,unknown,1,False,R-L,unknown,0.0
4342.20,MSg87 MSg328,unknown,unknown,1,False,R-L,unknown,0.0
4343.10,MSg267 MSg99 MSg67 MSg135 MSg342,unknown,unknown,1,False,R-L,unknown,0.0
4343.20,MSg65 MSg59 MSg48 MSg342,unknown,unknown,1,False,R-L,unknown,0.0
4344.10,MSg263 MSg343 MSg113 MSg342,unknown,unknown,1,False,R-L,unknown,0.0
4344.20,MSg177 MSg197 MSg192 MSg341 MSg89 MSg328,unknown,unknown,1,False,R-L,unknown,0.0
4345.10,MSg242 MSg336 MSg56 MSg67 MSg244 MSg342,unknown,unknown,1,False,R-L,unknown,0.0
4345.20,MSg89 MSg328,unknown,unknown,1,False,R-L,unknown,0.0
4346.10,MSg150 MSg123 MSg67 MSg244 MSg342,unknown,unknown,1,False,R-L,unknown,0.0
4346.20,MSg95 MSg328,unknown,unknown,1,False,R-L,unknown,0.0
4347.10,MSg325 MSg342 MSg176,unknown,unknown,1,False,R-L,unknown,0.0
4347.20,MSg87 MSg328 MSg0,unknown,unknown,1,False,R-L,unknown,0.0
4348.10,MSg121 MSg51 MSg130 MSg149 MSg342 MSg176,unknown,unknown,1,False,R-L,unknown,0.0
4348.20,MSg87 MSg328,unknown,unknown,1,False,R-L,unknown,0.0
4349.10,MSg205 MSg293 MSg99 MSg48 MSg342 MSg192 MSg342 MSg186,unknown,unknown,1,False,R-L,unknown,25.0
4349.20,MSg177 MSg197 MSg192 MSg342 MSg87 MSg328,unknown,unknown,1,False,R-L,unknown,0.0
4350.10,MSg340 MSg94 MSg343 MSg389 MSg342,unknown,unknown,1,False,R-L,unknown,0.0
4350.20,MSg89 MSg328,unknown,unknown,1,False,R-L,unknown,0.0
4351.10,MSg343 MSg216 MSg162 MSg99 MSg387 MSg53 MSg342,unknown,unknown,1,False,R-L,unknown,0.0
4351.20,MSg177 MSg197 MSg192 MSg341 MSg89 MSg328,unknown,unknown,1,False,R-L,unknown,0.0
4352.10,MSg53 MSg171 MSg59 MSg342 MSg176,unknown,unknown,1,False,R-L,unknown,0.0
4352.20,MSg89 MSg328,unknown,unknown,1,False,R-L,unknown,0.0
4353.10,MSg173 MSg403 MSg12,unknown,unknown,1,False,R-L,unknown,0.0
4353.20,MSg89 MSg328,unknown,unknown,1,False,R-L,unknown,0.0
4354.10,MSg53 MSg67 MSg72 MSg182 MSg0,unknown,unknown,1,False,R-L,unknown,0.0
4354.20,MSg086 MSg328,unknown,unknown,1,False,R-L,unknown,50.0
4355.10,MSg9 MSg48 MSg8 MSg342,unknown,unknown,1,False,R-L,unknown,0.0
4355.20,MSg087 MSg328,unknown,unknown,1,False,R-L,unknown,50.0
4356.10,MSg109 MSg59 MSg211 MSg176,unknown,unknown,1,False,R-L,unknown,0.0
4356.20,MSg336 MSg267 MSg341 MSg89 MSg328,unknown,unknown,1,False,R-L,unknown,20.0
4357.10,MSg42 MSg15 MSg176,unknown,unknown,1,False,R-L,unknown,0.0
4357.20,MSg87 MSg328,unknown,unknown,1,False,R-L,unknown,0.0
4358.10,MSg387 MSg65 MSg72 MSg336 MSg89 MSg342 MSg176,unknown,unknown,1,False,R-L,unknown,0.0
4358.20,MSg87 MSg328,unknown,unknown,1,False,R-L,unknown,0.0
4359.10,MSg272 MSg402,unknown,unknown,1,False,R-L,unknown,0.0
4359.20,MSg87 MSg328,unknown,unknown,1,False,R-L,unknown,0.0
4360.10,MSg72 MSg216 MSg254,unknown,unknown,1,False,R-L,unknown,0.0
4360.20,MSg87 MSg328,unknown,unknown,1,False,R-L,unknown,0.0
4361.10,MSg124 MSg25 MSg176 MSg342,unknown,unknown,1,False,R-L,unknown,0.0
4361.20,MSg95 MSg328,unknown,unknown,1,False,R-L,unknown,0.0
4362.10,MSg233 MSg342 MSg176,unknown,unknown,1,False,R-L,unknown,0.0
4362.20,MSg67 MSg72 MSg211,unknown,unknown,1,False,R-L,unknown,0.0
4363.10,MSg103 MSg403 MSg342,unknown,unknown,1,False,R-L,unknown,33.33
4363.20,MSg328 MSg59,unknown,unknown,1,False,R-L,unknown,0.0
4364.10,MSg7,unknown,unknown,1,False,R-L,unknown,0.0
4364.20,MSg87 MSg328,unknown,unknown,1,False,R-L,unknown,0.0
4366.0,MSg337 MSg294 MSg0,unknown,unknown,1,False,R-L,unknown,0.0
4368.10,MSg153 MSg153 MSg48 MSg342 MSg176,unknown,unknown,1,False,R-L,unknown,0.0
4368.20,MSg87 MSg328,unknown,unknown,1,False,R-L,unknown,0.0
4369.10,MSg114 MSg193 MSg342 MSg176,unknown,unknown,1,False,R-L,unknown,0.0
4369.20,MSg87 MSg328,unknown,unknown,1,False,R-L,unknown,0.0
4370.10,MSg391 MSg99 MSg226 MSg254,unknown,unknown,1,False,R-L,unknown,0.0
4370.20,MSg87 MSg328,unknown,unknown,1,False,R-L,unknown,0.0
4371.10,MSg53 MSg67 MSg72 MSg182 MSg293 MSg342 MSg176,unknown,unknown,1,False,R-L,unknown,0.0
4371.20,MSg89 MSg328,unknown,unknown,1,False,R-L,unknown,0.0
4372.10,MSg48 MSg136 MSg193 MSg342 MSg176 MSg176,unknown,unknown,1,False,R-L,unknown,0.0
4372.20,MSg87 MSg46,unknown,unknown,1,False,R-L,unknown,0.0
4373.10,MSg67 MSg72 MSg342 MSg388 MSg176,unknown,unknown,1,False,R-L,unknown,0.0
4373.20,MSg89 MSg328,unknown,unknown,1,False,R-L,unknown,0.0
4374.10,MSg72 MSg211,unknown,unknown,1,False,R-L,unknown,0.0
4374.20,MSg89 MSg328,unknown,unknown,1,False,R-L,unknown,0.0
4375.10,MSg267 MSg99 MSg051 MSg245 MSg342,unknown,unknown,1,False,R-L,unknown,40.0
4375.20,MSg89 MSg328,unknown,unknown,1,False,R-L,unknown,0.0
4376.10,MSg114 MSg193 MSg342 MSg98,unknown,unknown,1,False,R-L,unknown,25.0
4376.20,MSg89 MSg328,unknown,unknown,1,False,R-L,unknown,0.0
4377.10,MSg109 MSg59 MSg211,unknown,unknown,1,False,R-L,unknown,33.33
4378.10,MSg7 MSg176,unknown,unknown,1,False,R-L,unknown,0.0
4378.20,MSg87 MSg328,unknown,unknown,1,False,R-L,unknown,0.0
4379.0,MSg373 MSg342 MSg176,unknown,unknown,1,False,R-L,unknown,0.0
4380.1,MSg102 MSg190,unknown,unknown,1,False,R-L,unknown,0.0
4380.2,MSg374,unknown,unknown,1,False,R-L,unknown,0.0
4381.10,MSg48 MSg047 MSg0,unknown,unknown,1,False,R-L,unknown,33.33
4381.20,MSg87 MSg328,unknown,unknown,1,False,R-L,unknown,0.0
4382.0,MSg102 MSg162,unknown,unknown,1,False,R-L,unknown,0.0
4384.10,MSg0 MSg342 MSg1 MSg176,unknown,unknown,1,False,R-L,unknown,25.0
4384.20,MSg87 MSg0,unknown,unknown,1,False,R-L,unknown,0.0
4386.11,MSg1 MSg1 MSg209 MSg343,unknown,unknown,1,False,R-L,unknown,0.0
4386.12,MSg102 MSg162,unknown,unknown,1,False,R-L,unknown,0.0
4386.20,MSg89 MSg328,unknown,unknown,1,False,R-L,unknown,0.0
4387.10,MSg48 MSg342 MSg176,unknown,unknown,1,False,R-L,unknown,0.0
4387.20,MSg89 MSg328,unknown,unknown,1,False,R-L,unknown,0.0
4401.10,MSg89,unknown,unknown,1,False,R-L,unknown,0.0
4401.20,MSg328,unknown,unknown,1,False,R-L,unknown,0.0
4402.10,MSg325 MSg347 MSg342,unknown,unknown,1,False,R-L,unknown,0.0
4402.20,MSg87 MSg328,unknown,unknown,1,False,R-L,unknown,0.0
4403.10,MSg48 MSg342 MSg176,unknown,unknown,1,False,R-L,unknown,0.0
4403.20,MSg89 MSg328,unknown,unknown,1,False,R-L,unknown,0.0
4404.10,MSg293 MSg123 MSg343 MSg48 MSg15,unknown,unknown,1,False,R-L,unknown,0.0
4404.20,MSg87 MSg328,unknown,unknown,1,False,R-L,unknown,0.0
4405.10,MSg48 MSg342 MSg176,unknown,unknown,1,False,R-L,unknown,0.0
4405.20,MSg89 MSg328,unknown,unknown,1,False,R-L,unknown,0.0
4406.10,MSg100 MSg326 MSg342,unknown,unknown,1,False,R-L,unknown,0.0
4406.20,MSg95 MSg328,unknown,unknown,1,False,R-L,unknown,0.0
4407.10,MSg138 MSg176,unknown,unknown,1,False,R-L,unknown,0.0
4407.20,MSg87 MSg328,unknown,unknown,1,False,R-L,unknown,0.0
4408.10,MSg171 MSg59 MSg211,unknown,unknown,1,False,R-L,unknown,0.0
4409.0,MSg86 MSg326 MSg15 MSg176,unknown,unknown,1,False,R-L,unknown,0.0
4410.10,MSg72 MSg223 MSg254,unknown,unknown,1,False,R-L,unknown,0.0
4410.20,MSg89 MSg328,unknown,unknown,1,False,R-L,unknown,0.0
4411.10,MSg59,unknown,unknown,1,False,R-L,unknown,0.0
4411.20,MSg258 MSg347 MSg342 MSg176,unknown,unknown,1,False,R-L,unknown,0.0
4412.10,MSg171 MSg59 MSg211,unknown,unknown,1,False,R-L,unknown,0.0
4412.20,MSg44,unknown,unknown,1,False,R-L,unknown,0.0
4413.10,MSg224,unknown,unknown,1,False,R-L,unknown,0.0
4414.0,MSg7 MSg176,unknown,unknown,1,False,R-L,unknown,0.0
4415.10,MSg104 MSg149,unknown,unknown,1,False,R-L,unknown,0.0
4415.20,MSg65 MSg341 MSg342 MSg176,unknown,unknown,1,False,R-L,unknown,0.0
4416.10,MSg391 MSg123,unknown,unknown,1,False,R-L,unknown,0.0
4416.20,MSg289 MSg342,unknown,unknown,1,False,R-L,unknown,0.0
4417.10,MSg104 MSg162,unknown,unknown,1,False,R-L,unknown,0.0
4418.10,MSg171 MSg59 MSg211,unknown,unknown,1,False,R-L,unknown,0.0
4419.10,MSg48 MSg193 MSg342 MSg176,unknown,unknown,1,False,R-L,unknown,0.0
4419.20,MSg87 MSg328,unknown,unknown,1,False,R-L,unknown,0.0
4420.10,MSg103 MSg403 MSg87 MSg244 MSg0,unknown,unknown,1,False,R-L,unknown,0.0
4420.20,MSg87 MSg328,unknown,unknown,1,False,R-L,unknown,0.0
4421.0,MSg379 MSg307 MSg176,unknown,unknown,1,False,R-L,unknown,0.0
4422.0,MSg379 MSg307 MSg176,unknown,unknown,1,False,R-L,unknown,0.0
4423.0,MSg379 MSg307 MSg176,unknown,unknown,1,False,R-L,unknown,0.0
4424.0,MSg104 MSg162,unknown,unknown,1,False,R-L,unknown,0.0
4425.0,MSg104 MSg162,unknown,unknown,1,False,R-L,unknown,0.0
4426.10,MSg104 MSg162,unknown,unknown,1,False,R-L,unknown,0.0
4427.10,MSg267 MSg402 MSg149,unknown,unknown,1,False,R-L,unknown,0.0
4427.20,MSg142 MSg403 MSg87 MSg342,unknown,unknown,1,False,R-L,unknown,0.0
4428.10,MSg72 MSg211,unknown,unknown,1,False,R-L,unknown,0.0
4428.20,MSg95 MSg328,unknown,unknown,1,False,R-L,unknown,0.0
4429.10,MSg40 MSg176,unknown,unknown,1,False,R-L,unknown,0.0
4430.10,MSg258 MSg347 MSg342 MSg176,unknown,unknown,1,False,R-L,unknown,0.0
4431.10,MSg258 MSg347 MSg342 MSg176,unknown,unknown,1,False,R-L,unknown,0.0
4432.10,MSg0 MSg059 MSg342 MSg176,unknown,unknown,1,False,R-L,unknown,25.0
4433.10,MSg258 MSg347 MSg342 MSg176,unknown,unknown,1,False,R-L,unknown,0.0
4434.10,MSg258 MSg347 MSg342 MSg176,unknown,unknown,1,False,R-L,unknown,0.0
4435.10,MSg258 MSg347 MSg342 MSg176,unknown,unknown,1,False,R-L,unknown,0.0
4436.10,MSg258 MSg347 MSg342 MSg176,unknown,unknown,1,False,R-L,unknown,25.0
4437.10,MSg59,unknown,unknown,1,False,R-L,unknown,0.0
4437.20,MSg87 MSg253 MSg194,unknown,unknown,1,False,R-L,unknown,0.0
4438.10,MSg59,unknown,unknown,1,False,R-L,unknown,0.0
4438.20,MSg175 MSg176 MSg211 MSg0,unknown,unknown,1,False,R-L,unknown,0.0
4439.10,MSg326,unknown,unknown,1,False,R-L,unknown,0.0
4439.20,MSg104 MSg368 MSg342,unknown,unknown,1,False,R-L,unknown,0.0
4440.10,MSg65 MSg87 MSg294 MSg342 MSg176,unknown,unknown,1,False,R-L,unknown,0.0
4441.10,MSg267 MSg99,unknown,unknown,1,False,R-L,unknown,0.0
4442.10,MSg249,unknown,unknown,1,False,R-L,unknown,0.0
4442.20,MSg65 MSg67 MSg342 MSg1,unknown,unknown,1,False,R-L,unknown,0.0
4443.10,MSg267 MSg99,unknown,unknown,1,False,R-L,unknown,0.0
4444.10,MSg119 MSg87 MSg342 MSg176,unknown,unknown,1,False,R-L,unknown,0.0
4444.20,MSg89 MSg328,unknown,unknown,1,False,R-L,unknown,0.0
4445.10,MSg67 MSg244 MSg149 MSg342,unknown,unknown,1,False,R-L,unknown,0.0
4445.20,MSg89 MSg328,unknown,unknown,1,False,R-L,unknown,0.0
4446.10,MSg263 MSg343 MSg113 MSg342,unknown,unknown,1,False,R-L,unknown,0.0
4446.20,MSg177 MSg197 MSg192 MSg341 MSg87 MSg328,unknown,unknown,1,False,R-L,unknown,0.0
4447.10,MSg249 MSg336 MSg275,unknown,unknown,1,False,R-L,unknown,0.0
4447.20,MSg51 MSg130 MSg15 MSg176,unknown,unknown,1,False,R-L,unknown,0.0
4448.10,MSg173 MSg59 MSg347 MSg342 MSg176,unknown,unknown,1,False,R-L,unknown,0.0
4448.20,MSg95 MSg328 MSg59,unknown,unknown,1,False,R-L,unknown,0.0
4449.10,MSg177 MSg307 MSg284,unknown,unknown,1,False,R-L,unknown,0.0
4449.20,MSg409 MSg94 MSg67 MSg244 MSg342,unknown,unknown,1,False,R-L,unknown,0.0
4450.10,MSg177 MSg307 MSg284,unknown,unknown,1,False,R-L,unknown,0.0
4450.20,MSg409 MSg94 MSg67 MSg244 MSg342 MSg176,unknown,unknown,1,False,R-L,unknown,0.0
4451.10,MSg48 MSg193 MSg342 MSg176,unknown,unknown,1,False,R-L,unknown,0.0
4451.20,MSg95 MSg328,unknown,unknown,1,False,R-L,unknown,0.0
4452.10,MSg173 MSg59 MSg347 MSg342 MSg176,unknown,unknown,1,False,R-L,unknown,0.0
4452.20,MSg95 MSg59 MSg328,unknown,unknown,1,False,R-L,unknown,0.0
4453.10,MSg171 MSg59 MSg211,unknown,unknown,1,False,R-L,unknown,0.0
4453.20,MSg44,unknown,unknown,1,False,R-L,unknown,0.0
4454.10,MSg267 MSg402 MSg149,unknown,unknown,1,False,R-L,unknown,0.0
4454.20,MSg205 MSg367 MSg342 MSg176,unknown,unknown,1,False,R-L,unknown,0.0
4455.10,MSg205 MSg267 MSg342 MSg176,unknown,unknown,1,False,R-L,unknown,0.0
4455.20,MSg89 MSg328,unknown,unknown,1,False,R-L,unknown,0.0
4456.10,MSg119 MSg87 MSg342 MSg176,unknown,unknown,1,False,R-L,unknown,0.0
4456.20,MSg89 MSg328,unknown,unknown,1,False,R-L,unknown,0.0
4457.10,MSg0 MSg112 MSg197 MSg342 MSg176,unknown,unknown,1,False,R-L,unknown,0.0
4457.20,MSg89 MSg328,unknown,unknown,1,False,R-L,unknown,0.0
4458.10,MSg171 MSg59 MSg211,unknown,unknown,1,False,R-L,unknown,0.0
4458.20,MSg95 MSg328,unknown,unknown,1,False,R-L,unknown,0.0
4459.10,MSg0,unknown,unknown,1,False,R-L,unknown,0.0
4459.20,MSg87 MSg328,unknown,unknown,1,False,R-L,unknown,0.0
4460.10,MSg267 MSg402,unknown,unknown,1,False,R-L,unknown,0.0
4460.20,MSg205 MSg367,unknown,unknown,1,False,R-L,unknown,0.0
4461.10,MSg250 MSg15 MSg176,unknown,unknown,1,False,R-L,unknown,0.0
4461.20,MSg87 MSg328,unknown,unknown,1,False,R-L,unknown,0.0
4462.10,MSg100 MSg17 MSg15 MSg176,unknown,unknown,1,False,R-L,unknown,0.0
4462.20,MSg89 MSg328,unknown,unknown,1,False,R-L,unknown,0.0
4463.10,MSg331 MSg233 MSg59 MSg99,unknown,unknown,1,False,R-L,unknown,25.0
4463.20,MSg89 MSg328,unknown,unknown,1,False,R-L,unknown,0.0
4464.10,MSg102 MSg137 MSg87 MSg249,unknown,unknown,1,False,R-L,unknown,0.0
4464.20,MSg171 MSg59 MSg211,unknown,unknown,1,False,R-L,unknown,0.0
4465.10,MSg177 MSg307 MSg284,unknown,unknown,1,False,R-L,unknown,0.0
4465.20,MSg296 MSg342,unknown,unknown,1,False,R-L,unknown,0.0
4466.10,MSg73 MSg176,unknown,unknown,1,False,R-L,unknown,0.0
4467.0,MSg67 MSg65 MSg342 MSg1,unknown,unknown,1,False,R-L,unknown,0.0
4468.10,MSg201 MSg280,unknown,unknown,1,False,R-L,unknown,0.0
4468.20,MSg89 MSg328,unknown,unknown,1,False,R-L,unknown,0.0
4469.10,MSg223 MSg342,unknown,unknown,1,False,R-L,unknown,0.0
4469.20,MSg95 MSg328,unknown,unknown,1,False,R-L,unknown,0.0
4470.10,MSg173 MSg267 MSg99,unknown,unknown,1,False,R-L,unknown,0.0
4470.20,MSg95 MSg328,unknown,unknown,1,False,R-L,unknown,0.0
4471.10,MSg249 MSg336 MSg275,unknown,unknown,1,False,R-L,unknown,0.0
4471.20,MSg67 MSg70 MSg211 MSg176,unknown,unknown,1,False,R-L,unknown,0.0
4472.10,MSg142 MSg149,unknown,unknown,1,False,R-L,unknown,0.0
4472.20,MSg119 MSg87 MSg342 MSg176,unknown,unknown,1,False,R-L,unknown,0.0
4473.10,MSg416 MSg344,unknown,unknown,1,False,R-L,unknown,0.0
4473.20,MSg89 MSg328,unknown,unknown,1,False,R-L,unknown,0.0
4474.10,MSg267 MSg89,unknown,unknown,1,False,R-L,unknown,0.0
4474.20,MSg86 MSg211,unknown,unknown,1,False,R-L,unknown,0.0
4475.10,MSg250 MSg15 MSg176,unknown,unknown,1,False,R-L,unknown,0.0
4475.20,MSg087 MSg328,unknown,unknown,1,False,R-L,unknown,50.0
4476.10,MSg48 MSg342 MSg176,unknown,unknown,1,False,R-L,unknown,0.0
4476.20,MSg095 MSg328,unknown,unknown,1,False,R-L,unknown,50.0
4477.10,MSg103 MSg403 MSg87 MSg342,unknown,unknown,1,False,R-L,unknown,0.0
4477.20,MSg267 MSg402 MSg149 MSg89 MSg328,unknown,unknown,1,False,R-L,unknown,0.0
4478.10,MSg249 MSg336 MSg275,unknown,unknown,1,False,R-L,unknown,0.0
4478.20,MSg51 MSg130 MSg15 MSg176,unknown,unknown,1,False,R-L,unknown,0.0
4479.10,MSg67 MSg12,unknown,unknown,1,False,R-L,unknown,0.0
4479.20,MSg87 MSg328,unknown,unknown,1,False,R-L,unknown,0.0
4480.10,MSg249 MSg336 MSg275,unknown,unknown,1,False,R-L,unknown,0.0
4480.20,MSg51 MSg130 MSg15 MSg176,unknown,unknown,1,False,R-L,unknown,0.0
4481.10,MSg142 MSg149,unknown,unknown,1,False,R-L,unknown,0.0
4481.20,MSg119 MSg87 MSg342 MSg176,unknown,unknown,1,False,R-L,unknown,25.0
4482.10,MSg173 MSg249 MSg89,unknown,unknown,1,False,R-L,unknown,0.0
4482.20,MSg51 MSg89,unknown,unknown,1,False,R-L,unknown,0.0
4483.10,MSg409 MSg96 MSg171,unknown,unknown,1,False,R-L,unknown,33.33
4483.20,MSg89 MSg328,unknown,unknown,1,False,R-L,unknown,0.0
4484.10,MSg86 MSg325 MSg15 MSg176,unknown,unknown,1,False,R-L,unknown,0.0
4484.20,MSg95 MSg328,unknown,unknown,1,False,R-L,unknown,0.0
4485.10,MSg67 MSg347 MSg342,unknown,unknown,1,False,R-L,unknown,0.0
4485.20,MSg267 MSg402 MSg149 MSg95 MSg328,unknown,unknown,1,False,R-L,unknown,0.0
4486.10,MSg173 MSg249 MSg89,unknown,unknown,1,False,R-L,unknown,0.0
4486.20,MSg51 MSg89,unknown,unknown,1,False,R-L,unknown,0.0
4487.10,MSg67 MSg244 MSg342 MSg176,unknown,unknown,1,False,R-L,unknown,0.0
4487.20,MSg28 MSg328,unknown,unknown,1,False,R-L,unknown,0.0
4488.10,MSg379 MSg307,unknown,unknown,1,False,R-L,unknown,0.0
4488.20,MSg276 MSg284,unknown,unknown,1,False,R-L,unknown,0.0
4489.10,MSg67 MSg12 MSg176,unknown,unknown,1,False,R-L,unknown,0.0
4489.20,MSg89 MSg328,unknown,unknown,1,False,R-L,unknown,0.0
4490.10,MSg109 MSg59 MSg211,unknown,unknown,1,False,R-L,unknown,0.0
4490.20,MSg89 MSg328,unknown,unknown,1,False,R-L,unknown,0.0
4491.10,MSg053 MSg114 MSg0,unknown,unknown,1,False,R-L,unknown,33.33
4491.20,MSg86 MSg328,unknown,unknown,1,False,R-L,unknown,0.0
4492.10,MSg205 MSg267 MSg342 MSg176,unknown,unknown,1,False,R-L,unknown,0.0
4492.20,MSg89 MSg328,unknown,unknown,1,False,R-L,unknown,0.0
4493.10,MSg66 MSg176,unknown,unknown,1,False,R-L,unknown,0.0
4493.20,MSg95 MSg328,unknown,unknown,1,False,R-L,unknown,0.0
4494.10,MSg216 MSg254,unknown,unknown,1,False,R-L,unknown,0.0
4494.20,MSg0 MSg328,unknown,unknown,1,False,R-L,unknown,0.0
4497.10,MSg67 MSg8 MSg342,unknown,unknown,1,False,R-L,unknown,0.0
4497.20,MSg89 MSg328,unknown,unknown,1,False,R-L,unknown,0.0
4498.10,MSg249 MSg402 MSg24 MSg327,unknown,unknown,1,False,R-L,unknown,0.0
4498.20,MSg95 MSg328,unknown,unknown,1,False,R-L,unknown,0.0
4499.10,MSg72 MSg216 MSg254,unknown,unknown,1,False,R-L,unknown,0.0
4499.20,MSg87 MSg328,unknown,unknown,1,False,R-L,unknown,0.0
4500.10,MSg173 MSg148 MSg89,unknown,unknown,1,False,R-L,unknown,33.33
4500.20,MSg51 MSg89,unknown,unknown,1,False,R-L,unknown,0.0
4501.10,MSg73 MSg176,unknown,unknown,1,False,R-L,unknown,0.0
4501.20,MSg95 MSg328,unknown,unknown,1,False,R-L,unknown,0.0
4502.10,MSg287 MSg402,unknown,unknown,1,False,R-L,unknown,0.0
4502.20,MSg89 MSg328,unknown,unknown,1,False,R-L,unknown,0.0
4503.10,MSg73 MSg176,unknown,unknown,1,False,R-L,unknown,0.0
4503.20,MSg95 MSg328,unknown,unknown,1,False,R-L,unknown,0.0
4504.10,MSg205 MSg267 MSg342 MSg176,unknown,unknown,1,False,R-L,unknown,0.0
4504.20,MSg89 MSg328,unknown,unknown,1,False,R-L,unknown,0.0
4505.10,MSg87 MSg253,unknown,unknown,1,False,R-L,unknown,0.0
4506.10,MSg249 MSg0,unknown,unknown,1,False,R-L,unknown,0.0
4506.20,MSg51 MSg130 MSg015,unknown,unknown,1,False,R-L,unknown,33.33
4507.10,MSg177 MSg307 MSg149,unknown,unknown,1,False,R-L,unknown,33.33
4507.20,MSg0 MSg59 MSg211,unknown,unknown,1,False,R-L,unknown,0.0
4508.10,MSg48 MSg342 MSg176,unknown,unknown,1,False,R-L,unknown,0.0
4508.20,MSg95 MSg328,unknown,unknown,1,False,R-L,unknown,0.0
4509.10,MSg48 MSg342 MSg176,unknown,unknown,1,False,R-L,unknown,0.0
4509.20,MSg89 MSg328,unknown,unknown,1,False,R-L,unknown,0.0
4510.10,MSg205 MSg267 MSg342 MSg176,unknown,unknown,1,False,R-L,unknown,0.0
4510.20,MSg89 MSg328,unknown,unknown,1,False,R-L,unknown,0.0
4511.10,MSg335 MSg294 MSg342,unknown,unknown,1,False,R-L,unknown,33.33
4511.20,MSg89 MSg328,unknown,unknown,1,False,R-L,unknown,0.0
4512.10,MSg103 MSg403 MSg342,unknown,unknown,1,False,R-L,unknown,0.0
4512.20,MSg89 MSg328,unknown,unknown,1,False,R-L,unknown,0.0
4514.10,MSg267 MSg89,unknown,unknown,1,False,R-L,unknown,0.0
4514.20,MSg124 MSg51 MSg342,unknown,unknown,1,False,R-L,unknown,0.0
4515.10,MSg0,unknown,unknown,1,False,R-L,unknown,0.0
4515.20,MSg87 MSg328,unknown,unknown,1,False,R-L,unknown,0.0
4516.10,MSg48 MSg342 MSg176,unknown,unknown,1,False,R-L,unknown,0.0
4516.20,MSg95 MSg328,unknown,unknown,1,False,R-L,unknown,0.0
4517.10,MSg263 MSg344 MSg0,unknown,unknown,1,False,R-L,unknown,0.0
4517.20,MSg177 MSg197 MSg0,unknown,unknown,1,False,R-L,unknown,0.0
4518.10,MSg267 MSg89,unknown,unknown,1,False,R-L,unknown,0.0
4518.20,MSg86 MSg211,unknown,unknown,1,False,R-L,unknown,0.0
4519.10,MSg103 MSg403 MSg342 MSg176,unknown,unknown,1,False,R-L,unknown,0.0
4519.20,MSg87 MSg328,unknown,unknown,1,False,R-L,unknown,0.0
4520.10,MSg106 MSg287 MSg342,unknown,unknown,1,False,R-L,unknown,0.0
4520.20,MSg89 MSg328,unknown,unknown,1,False,R-L,unknown,0.0
4521.10,MSg59,unknown,unknown,1,False,R-L,unknown,0.0
4521.20,MSg336 MSg321,unknown,unknown,1,False,R-L,unknown,0.0
4522.10,MSg193 MSg342 MSg176,unknown,unknown,1,False,R-L,unknown,0.0
4522.20,MSg95 MSg328,unknown,unknown,1,False,R-L,unknown,0.0
4523.10,MSg193 MSg342 MSg176,unknown,unknown,1,False,R-L,unknown,33.33
4523.20,MSg89 MSg328,unknown,unknown,1,False,R-L,unknown,0.0
4525.10,MSg0 MSg287 MSg342,unknown,unknown,1,False,R-L,unknown,0.0
4525.20,MSg89 MSg328,unknown,unknown,1,False,R-L,unknown,50.0
4527.10,MSg150 MSg0,unknown,unknown,1,False,R-L,unknown,0.0
4527.20,MSg89 MSg0,unknown,unknown,1,False,R-L,unknown,0.0
4528.10,MSg375 MSg123 MSg86 MSg0,unknown,unknown,1,False,R-L,unknown,0.0
4528.20,MSg89 MSg328,unknown,unknown,1,False,R-L,unknown,0.0
4529.10,MSg0 MSg375 MSg342,unknown,unknown,1,False,R-L,unknown,33.33
4529.20,MSg95 MSg0,unknown,unknown,1,False,R-L,unknown,0.0
4530.10,MSg336 MSg176,unknown,unknown,1,False,R-L,unknown,0.0
4532.10,MSg331 MSg233 MSg0,unknown,unknown,1,False,R-L,unknown,0.0
4532.20,MSg87 MSg0,unknown,unknown,1,False,R-L,unknown,0.0
4533.10,MSg267 MSg0,unknown,unknown,1,False,R-L,unknown,0.0
4534.0,MSg2 MSg176,unknown,unknown,1,False,R-L,unknown,0.0
4535.10,MSg267 MSg402,unknown,unknown,1,False,R-L,unknown,0.0
4535.20,MSg205 MSg367,unknown,unknown,1,False,R-L,unknown,100.0
4536.10,MSg205 MSg367,unknown,unknown,1,False,R-L,unknown,0.0
4536.20,MSg263 MSg342,unknown,unknown,1,False,R-L,unknown,0.0
4537.10,MSg86 MSg276,unknown,unknown,1,False,R-L,unknown,0.0
4537.20,MSg86 MSg284,unknown,unknown,1,False,R-L,unknown,0.0
4538.10,MSg0 MSg12 MSg176,unknown,unknown,1,False,R-L,unknown,0.0
4540.0,MSg0 MSg342,unknown,unknown,1,False,R-L,unknown,0.0
4541.10,MSg48 MSg342 MSg176 MSg253 MSg087,unknown,unknown,1,False,R-L,unknown,20.0
4543.10,MSg48 MSg342 MSg176,unknown,unknown,1,False,R-L,unknown,0.0
4543.20,MSg89 MSg328,unknown,unknown,1,False,R-L,unknown,0.0
4544.10,MSg171 MSg59 MSg211,unknown,unknown,1,False,R-L,unknown,0.0
4544.20,MSg95 MSg328,unknown,unknown,1,False,R-L,unknown,0.0
4545.10,MSg0 MSg149,unknown,unknown,1,False,R-L,unknown,0.0
4545.20,MSg267 MSg0,unknown,unknown,1,False,R-L,unknown,0.0
4546.10,MSg0 MSg008 MSg342,unknown,unknown,1,False,R-L,unknown,33.33
4546.20,MSg0 MSg328,unknown,unknown,1,False,R-L,unknown,0.0
4547.0,MSg7 MSg176,unknown,unknown,1,False,R-L,unknown,0.0
4548.10,MSg48 MSg342 MSg176,unknown,unknown,1,False,R-L,unknown,0.0
4548.20,MSg87 MSg328,unknown,unknown,1,False,R-L,unknown,0.0
4549.10,MSg284 MSg267 MSg342,unknown,unknown,1,False,R-L,unknown,0.0
4549.20,MSg89 MSg328,unknown,unknown,1,False,R-L,unknown,0.0
4550.10,MSg201 MSg342 MSg1,unknown,unknown,1,False,R-L,unknown,0.0
4550.20,MSg89 MSg328,unknown,unknown,1,False,R-L,unknown,0.0
4551.10,MSg72 MSg211,unknown,unknown,1,False,R-L,unknown,0.0
4551.20,MSg87 MSg328,unknown,unknown,1,False,R-L,unknown,0.0
4552.10,MSg267 MSg099 MSg0,unknown,unknown,1,False,R-L,unknown,33.33
4552.20,MSg086 MSg328,unknown,unknown,1,False,R-L,unknown,50.0
4553.10,MSg103 MSg403 MSg342,unknown,unknown,1,False,R-L,unknown,0.0
4553.20,MSg95 MSg328,unknown,unknown,1,False,R-L,unknown,0.0
4554.10,MSg103 MSg403 MSg342,unknown,unknown,1,False,R-L,unknown,0.0
4554.20,MSg87 MSg328,unknown,unknown,1,False,R-L,unknown,0.0
4555.10,MSg103 MSg403 MSg342,unknown,unknown,1,False,R-L,unknown,0.0
4555.20,MSg95 MSg328,unknown,unknown,1,False,R-L,unknown,0.0
4556.10,MSg87 MSg60 MSg176,unknown,unknown,1,False,R-L,unknown,0.0
4556.20,MSg87 MSg328,unknown,unknown,1,False,R-L,unknown,0.0
4557.10,MSg409 MSg096 MSg0,unknown,unknown,1,False,R-L,unknown,33.33
4557.20,MSg87 MSg0,unknown,unknown,1,False,R-L,unknown,0.0
4559.10,MSg0 MSg373 MSg342,unknown,unknown,1,False,R-L,unknown,33.33
4559.20,MSg087 MSg328,unknown,unknown,1,False,R-L,unknown,50.0
4560.10,MSg103,unknown,unknown,1,False,R-L,unknown,0.0
4560.20,MSg87,unknown,unknown,1,False,R-L,unknown,0.0
4561.10,MSg216 MSg123,unknown,unknown,1,False,R-L,unknown,0.0
4562.10,MSg67 MSg244 MSg149 MSg342,unknown,unknown,1,False,R-L,unknown,0.0
4562.20,MSg87 MSg328,unknown,unknown,1,False,R-L,unknown,0.0
4563.0,MSg119 MSg87 MSg342 MSg176,unknown,unknown,1,False,R-L,unknown,0.0
4564.10,MSg103 MSg403 MSg342,unknown,unknown,1,False,R-L,unknown,0.0
4564.20,MSg89 MSg328,unknown,unknown,1,False,R-L,unknown,0.0
4566.10,MSg0 MSg342 MSg176,unknown,unknown,1,False,R-L,unknown,0.0
4566.20,MSg086 MSg328,unknown,unknown,1,False,R-L,unknown,50.0
4571.10,MSg0 MSg342 MSg1 MSg176,unknown,unknown,1,False,R-L,unknown,25.0
4571.20,MSg95 MSg328,unknown,unknown,1,False,R-L,unknown,0.0
4572.10,MSg106 MSg169,unknown,unknown,1,False,R-L,unknown,0.0
4573.10,MSg177 MSg307 MSg284,unknown,unknown,1,False,R-L,unknown,0.0
4573.20,MSg409 MSg94 MSg67 MSg244 MSg342 MSg176,unknown,unknown,1,False,R-L,unknown,0.0
4574.10,MSg86 MSg327 MSg342,unknown,unknown,1,False,R-L,unknown,33.33
4574.20,MSg95 MSg328,unknown,unknown,1,False,R-L,unknown,0.0
4575.10,MSg48 MSg342 MSg176,unknown,unknown,1,False,R-L,unknown,0.0
4575.20,MSg89 MSg328,unknown,unknown,1,False,R-L,unknown,0.0
4576.10,MSg59,unknown,unknown,1,False,R-L,unknown,0.0
4576.20,MSg67 MSg244 MSg149 MSg342,unknown,unknown,1,False,R-L,unknown,0.0
4576.30,MSg95 MSg328,unknown,unknown,1,False,R-L,unknown,0.0
4577.10,MSg51 MSg130 MSg15 MSg176,unknown,unknown,1,False,R-L,unknown,0.0
4577.20,MSg95 MSg328,unknown,unknown,1,False,R-L,unknown,0.0
4578.10,MSg48 MSg342 MSg59,unknown,unknown,1,False,R-L,unknown,0.0
4579.10,MSg51 MSg130 MSg15 MSg176,unknown,unknown,1,False,R-L,unknown,0.0
4579.20,MSg95 MSg328,unknown,unknown,1,False,R-L,unknown,0.0
4580.10,MSg72 MSg216 MSg254,unknown,unknown,1,False,R-L,unknown,0.0
4580.20,MSg87 MSg328,unknown,unknown,1,False,R-L,unknown,0.0
4581.10,MSg137,unknown,unknown,1,False,R-L,unknown,0.0
4581.20,MSg119 MSg87 MSg342 MSg176,unknown,unknown,1,False,R-L,unknown,25.0
4581.30,MSg95 MSg328,unknown,unknown,1,False,R-L,unknown,0.0
4582.10,MSg67 MSg244 MSg342 MSg176,unknown,unknown,1,False,R-L,unknown,0.0
4582.20,MSg95 MSg328,unknown,unknown,1,False,R-L,unknown,0.0
4583.10,MSg171 MSg198 MSg87 MSg284,unknown,unknown,1,False,R-L,unknown,0.0
4583.20,MSg217 MSg81 MSg347 MSg342,unknown,unknown,1,False,R-L,unknown,0.0
4584.10,MSg171 MSg198 MSg87 MSg284,unknown,unknown,1,False,R-L,unknown,0.0
4584.20,MSg150 MSg123 MSg67 MSg244 MSg342,unknown,unknown,1,False,R-L,unknown,0.0
4585.10,MSg67 MSg244 MSg342 MSg304 MSg87,unknown,unknown,1,False,R-L,unknown,0.0
4585.20,MSg89 MSg328,unknown,unknown,1,False,R-L,unknown,0.0
4586.10,MSg48 MSg342 MSg176,unknown,unknown,1,False,R-L,unknown,0.0
4586.20,MSg267 MSg402 MSg149,unknown,unknown,1,False,R-L,unknown,0.0
4586.30,MSg89 MSg328,unknown,unknown,1,False,R-L,unknown,0.0
4587.10,MSg67 MSg244 MSg342 MSg176,unknown,unknown,1,False,R-L,unknown,0.0
4587.20,MSg95 MSg328,unknown,unknown,1,False,R-L,unknown,0.0
4588.10,MSg59,unknown,unknown,1,False,R-L,unknown,0.0
4588.20,MSg6 MSg176,unknown,unknown,1,False,R-L,unknown,0.0
4588.30,MSg89 MSg328,unknown,unknown,1,False,R-L,unknown,0.0
4589.10,MSg48 MSg47 MSg379 MSg245 MSg245,unknown,unknown,1,False,R-L,unknown,0.0
4589.20,MSg307 MSg267,unknown,unknown,1,False,R-L,unknown,0.0
4589.30,MSg87 MSg328,unknown,unknown,1,False,R-L,unknown,0.0
4590.10,MSg59,unknown,unknown,1,False,R-L,unknown,0.0
4590.20,MSg102 MSg15,unknown,unknown,1,False,R-L,unknown,0.0
4591.10,MSg59,unknown,unknown,1,False,R-L,unknown,0.0
4591.20,MSg119 MSg87 MSg342 MSg176,unknown,unknown,1,False,R-L,unknown,25.0
4591.30,MSg95 MSg328,unknown,unknown,1,False,R-L,unknown,0.0
4592.10,MSg307 MSg387 MSg342,unknown,unknown,1,False,R-L,unknown,0.0
4593.10,MSg333 MSg342,unknown,unknown,1,False,R-L,unknown,50.0
4593.20,MSg89 MSg328,unknown,unknown,1,False,R-L,unknown,0.0
4594.10,MSg294 MSg336 MSg342,unknown,unknown,1,False,R-L,unknown,33.33
4594.20,MSg87 MSg328,unknown,unknown,1,False,R-L,unknown,0.0
4595.10,MSg121 MSg51 MSg130 MSg0,unknown,unknown,1,False,R-L,unknown,0.0
4595.20,MSg89 MSg328,unknown,unknown,1,False,R-L,unknown,0.0
4596.10,MSg0 MSg347 MSg342 MSg176,unknown,unknown,1,False,R-L,unknown,25.0
4596.20,MSg89 MSg328,unknown,unknown,1,False,R-L,unknown,50.0
4597.10,MSg0 MSg171 MSg8 MSg342 MSg176,unknown,unknown,1,False,R-L,unknown,20.0
4597.20,MSg89 MSg328,unknown,unknown,1,False,R-L,unknown,0.0
4599.0,MSg216 MSg33 MSg87 MSg252 MSg391,unknown,unknown,1,False,R-L,unknown,0.0
4601.10,MSg391 MSg99 MSg40,unknown,unknown,1,False,R-L,unknown,0.0
4601.20,MSg89 MSg328,unknown,unknown,1,False,R-L,unknown,0.0
4602.10,MSg249 MSg162 MSg342 MSg176,unknown,unknown,1,False,R-L,unknown,0.0
4602.20,MSg89 MSg328,unknown,unknown,1,False,R-L,unknown,0.0
4603.10,MSg171 MSg8 MSg391 MSg252,unknown,unknown,1,False,R-L,unknown,0.0
4603.20,MSg87 MSg328,unknown,unknown,1,False,R-L,unknown,0.0
4604.10,MSg109 MSg59 MSg211 MSg176,unknown,unknown,1,False,R-L,unknown,0.0
4604.20,MSg89 MSg328,unknown,unknown,1,False,R-L,unknown,0.0
4605.10,MSg102 MSg136 MSg342 MSg176,unknown,unknown,1,False,R-L,unknown,0.0
4605.20,MSg89 MSg328,unknown,unknown,1,False,R-L,unknown,0.0
4606.10,MSg171 MSg8 MSg391 MSg252,unknown,unknown,1,False,R-L,unknown,0.0
4606.20,MSg87 MSg328,unknown,unknown,1,False,R-L,unknown,0.0
4607.10,MSg375 MSg375 MSg15,unknown,unknown,1,False,R-L,unknown,0.0
4607.20,MSg89 MSg328,unknown,unknown,1,False,R-L,unknown,0.0
4610.10,MSg379 MSg307 MSg176,unknown,unknown,1,False,R-L,unknown,0.0
4610.20,MSg87 MSg328,unknown,unknown,1,False,R-L,unknown,0.0
4613.10,MSg065 MSg249 MSg0,unknown,unknown,1,False,R-L,unknown,33.33
4613.20,MSg89 MSg328,unknown,unknown,1,False,R-L,unknown,0.0
4614.0,MSg17 MSg327 MSg128 MSg342 MSg97 MSg104 MSg169,unknown,unknown,1,False,R-L,unknown,0.0
4615.0,MSg86 MSg67 MSg342 MSg1,unknown,unknown,1,False,R-L,unknown,0.0
4616.0,MSg0 MSg065 MSg112 MSg197 MSg342,unknown,unknown,1,False,R-L,unknown,20.0
4617.0,MSg70 MSg12,unknown,unknown,1,False,R-L,unknown,0.0
4618.0,MSg106 MSg287 MSg342,unknown,unknown,1,False,R-L,unknown,0.0
4619.0,MSg287 MSg87 MSg180 MSg99 MSg67 MSg112 MSg194 MSg342,unknown,unknown,1,False,R-L,unknown,25.0
4620.0,MSg244 MSg343 MSg102 MSg162,unknown,unknown,1,False,R-L,unknown,25.0
4621.0,MSg0 MSg124 MSg409 MSg96 MSg342 MSg1,unknown,unknown,1,False,R-L,unknown,0.0
4622.0,MSg0 MSg89 MSg15,unknown,unknown,1,False,R-L,unknown,0.0
4623.0,MSg0 MSg249 MSg343 MSg341 MSg012,unknown,unknown,1,False,R-L,unknown,20.0
4624.0,MSg28 MSg162 MSg343 MSg0,unknown,unknown,1,False,R-L,unknown,0.0
4625.0,MSg0 MSg249 MSg162 MSg342,unknown,unknown,1,False,R-L,unknown,0.0
4626.0,MSg59 MSg194 MSg342,unknown,unknown,1,False,R-L,unknown,33.33
4627.0,MSg17 MSg336 MSg161,unknown,unknown,1,False,R-L,unknown,0.0
4628.0,MSg86 MSg178 MSg389 MSg15,unknown,unknown,1,False,R-L,unknown,0.0
4629.0,MSg103 MSg403 MSg342,unknown,unknown,1,False,R-L,unknown,0.0
4630.0,MSg417 MSg267 MSg402 MSg97 MSg48 MSg342,unknown,unknown,1,False,R-L,unknown,0.0
4631.0,MSg136 MSg247 MSg204 MSg110 MSg342,unknown,unknown,1,False,R-L,unknown,0.0
4632.0,MSg8 MSg342,unknown,unknown,1,False,R-L,unknown,0.0
4633.0,MSg226 MSg0,unknown,unknown,1,False,R-L,unknown,0.0
4634.0,MSg17 MSg102 MSg287 MSg381 MSg065 MSg0,unknown,unknown,1,False,R-L,unknown,16.67
4635.10,MSg59,unknown,unknown,1,False,R-L,unknown,0.0
4635.20,MSg171 MSg59 MSg211,unknown,unknown,1,False,R-L,unknown,0.0
4636.10,MSg233 MSg0,unknown,unknown,1,False,R-L,unknown,0.0
4636.20,MSg87 MSg0,unknown,unknown,1,False,R-L,unknown,0.0
4637.10,MSg173 MSg0,unknown,unknown,1,False,R-L,unknown,0.0
4637.20,MSg087 MSg0,unknown,unknown,1,False,R-L,unknown,50.0
4639.10,MSg0 MSg176,unknown,unknown,1,False,R-L,unknown,0.0
4639.20,MSg0 MSg328,unknown,unknown,1,False,R-L,unknown,0.0
4641.10,MSg0 MSg171 MSg8 MSg342 MSg176,unknown,unknown,1,False,R-L,unknown,0.0
4641.20,MSg89 MSg328,unknown,unknown,1,False,R-L,unknown,0.0
4642.10,MSg59,unknown,unknown,1,False,R-L,unknown,0.0
4642.20,MSg245 MSg245 MSg307 MSg342 MSg176,unknown,unknown,1,False,R-L,unknown,0.0
4642.30,MSg87 MSg328,unknown,unknown,1,False,R-L,unknown,0.0
4643.0,MSg0 MSg99 MSg106 MSg169,unknown,unknown,1,False,R-L,unknown,0.0
4644.0,MSg59 MSg127 MSg15 MSg176,unknown,unknown,1,False,R-L,unknown,0.0
4645.10,MSg59,unknown,unknown,1,False,R-L,unknown,0.0
4645.20,MSg245 MSg245 MSg307 MSg342 MSg176,unknown,unknown,1,False,R-L,unknown,0.0
4645.30,MSg87 MSg328,unknown,unknown,1,False,R-L,unknown,0.0
4646.10,MSg65 MSg249 MSg162 MSg342 MSg176,unknown,unknown,1,False,R-L,unknown,0.0
4646.20,MSg89 MSg328,unknown,unknown,1,False,R-L,unknown,0.0
4647.10,MSg0 MSg193 MSg342 MSg176,unknown,unknown,1,False,R-L,unknown,0.0
4647.20,MSg87 MSg328,unknown,unknown,1,False,R-L,unknown,0.0
4648.10,MSg149,unknown,unknown,1,False,R-L,unknown,0.0
4649.10,MSg51 MSg130 MSg15,unknown,unknown,1,False,R-L,unknown,0.0
4649.20,MSg87 MSg328,unknown,unknown,1,False,R-L,unknown,0.0
4650.10,MSg249 MSg162 MSg342,unknown,unknown,1,False,R-L,unknown,0.0
4651.10,MSg103 MSg403 MSg342 MSg176,unknown,unknown,1,False,R-L,unknown,0.0
4651.20,MSg102 MSg216 MSg245 MSg245,unknown,unknown,1,False,R-L,unknown,0.0
4652.10,MSg102 MSg25,unknown,unknown,1,False,R-L,unknown,0.0
4653.10,MSg373 MSg341 MSg342,unknown,unknown,1,False,R-L,unknown,0.0
4653.20,MSg328 MSg328 MSg328,unknown,unknown,1,False,R-L,unknown,0.0
4654.0,MSg53 MSg171 MSg59 MSg342 MSg176,unknown,unknown,1,False,R-L,unknown,0.0
4655.0,MSg127 MSg8 MSg342,unknown,unknown,1,False,R-L,unknown,0.0
4656.10,MSg0 MSg59 MSg342 MSg176,unknown,unknown,1,False,R-L,unknown,0.0
4657.0,MSg387 MSg72 MSg87 MSg294 MSg342,unknown,unknown,1,False,R-L,unknown,0.0
4658.10,MSg267 MSg402 MSg149,unknown,unknown,1,False,R-L,unknown,0.0
4658.20,MSg142 MSg403 MSg87 MSg342,unknown,unknown,1,False,R-L,unknown,0.0
4659.10,MSg72 MSg211 MSg176,unknown,unknown,1,False,R-L,unknown,0.0
4660.10,MSg0,unknown,unknown,1,False,R-L,unknown,0.0
4660.20,MSg89 MSg328,unknown,unknown,1,False,R-L,unknown,0.0
4661.10,MSg72 MSg182 MSg293 MSg342 MSg176,unknown,unknown,1,False,R-L,unknown,0.0
4661.20,MSg086 MSg328,unknown,unknown,1,False,R-L,unknown,50.0
4663.10,MSg25 MSg97,unknown,unknown,1,False,R-L,unknown,0.0
4664.10,MSg72 MSg211 MSg176,unknown,unknown,1,False,R-L,unknown,0.0
4665.10,MSg391 MSg99 MSg40,unknown,unknown,1,False,R-L,unknown,0.0
4665.20,MSg87 MSg328,unknown,unknown,1,False,R-L,unknown,0.0
4666.10,MSg51 MSg130 MSg149 MSg342 MSg176,unknown,unknown,1,False,R-L,unknown,0.0
4666.20,MSg89 MSg328,unknown,unknown,1,False,R-L,unknown,0.0
4667.10,MSg387 MSg65 MSg72 MSg336 MSg0,unknown,unknown,1,False,R-L,unknown,0.0
4667.20,MSg086 MSg328,unknown,unknown,1,False,R-L,unknown,50.0
4668.0,MSg0 MSg15 MSg176,unknown,unknown,1,False,R-L,unknown,0.0
4669.0,MSg219 MSg209 MSg343 MSg106 MSg169,unknown,unknown,1,False,R-L,unknown,0.0
4670.10,MSg67 MSg294 MSg342,unknown,unknown,1,False,R-L,unknown,0.0
4670.20,MSg89 MSg328,unknown,unknown,1,False,R-L,unknown,0.0
4671.10,MSg0,unknown,unknown,1,False,R-L,unknown,0.0
4671.20,MSg89 MSg328,unknown,unknown,1,False,R-L,unknown,0.0
4672.10,MSg67 MSg336 MSg89 MSg216 MSg254 MSg176,unknown,unknown,1,False,R-L,unknown,0.0
4672.20,MSg177 MSg197 MSg192 MSg341 MSg89 MSg328,unknown,unknown,1,False,R-L,unknown,0.0
4673.10,MSg391 MSg99 MSg67 MSg72 MSg211,unknown,unknown,1,False,R-L,unknown,0.0
4673.20,MSg89 MSg328,unknown,unknown,1,False,R-L,unknown,0.0
4674.10,MSg245 MSg245 MSg307 MSg342 MSg176,unknown,unknown,1,False,R-L,unknown,0.0
4674.20,MSg89 MSg328,unknown,unknown,1,False,R-L,unknown,0.0
4675.10,MSg017 MSg336 MSg319,unknown,unknown,1,False,R-L,unknown,33.33
4675.20,MSg89 MSg328,unknown,unknown,1,False,R-L,unknown,0.0
4676.10,MSg72 MSg216,unknown,unknown,1,False,R-L,unknown,0.0
4677.10,MSg48 MSg342 MSg0,unknown,unknown,1,False,R-L,unknown,0.0
4678.10,MSg403 MSg187 MSg87,unknown,unknown,1,False,R-L,unknown,0.0
4678.20,MSg95 MSg328,unknown,unknown,1,False,R-L,unknown,0.0
4679.10,MSg136 MSg193 MSg342 MSg176,unknown,unknown,1,False,R-L,unknown,0.0
4679.20,MSg87 MSg328,unknown,unknown,1,False,R-L,unknown,0.0
4680.10,MSg311 MSg15 MSg176,unknown,unknown,1,False,R-L,unknown,0.0
4680.20,MSg89 MSg328,unknown,unknown,1,False,R-L,unknown,0.0
4681.10,MSg0 MSg51 MSg342,unknown,unknown,1,False,R-L,unknown,0.0
4681.20,MSg95 MSg328,unknown,unknown,1,False,R-L,unknown,0.0
4682.10,MSg379 MSg307 MSg176,unknown,unknown,1,False,R-L,unknown,0.0
4682.20,MSg87 MSg328,unknown,unknown,1,False,R-L,unknown,0.0
4683.10,MSg84 MSg51 MSg342,unknown,unknown,1,False,R-L,unknown,0.0
4683.20,MSg95 MSg328,unknown,unknown,1,False,R-L,unknown,0.0
4684.10,MSg175 MSg176 MSg211 MSg176,unknown,unknown,1,False,R-L,unknown,0.0
4684.20,MSg89 MSg328,unknown,unknown,1,False,R-L,unknown,0.0
4685.10,MSg325 MSg347 MSg342,unknown,unknown,1,False,R-L,unknown,33.33
4685.20,MSg95 MSg0,unknown,unknown,1,False,R-L,unknown,0.0
4686.10,MSg96 MSg402,unknown,unknown,1,False,R-L,unknown,0.0
4686.20,MSg89 MSg328,unknown,unknown,1,False,R-L,unknown,0.0
4687.10,MSg150 MSg123 MSg0,unknown,unknown,1,False,R-L,unknown,0.0
4687.20,MSg0 MSg380 MSg0,unknown,unknown,1,False,R-L,unknown,33.33
4689.10,MSg204 MSg150 MSg193 MSg342,unknown,unknown,1,False,R-L,unknown,0.0
4689.20,MSg89 MSg328,unknown,unknown,1,False,R-L,unknown,0.0
4690.10,MSg249 MSg162 MSg342 MSg176,unknown,unknown,1,False,R-L,unknown,0.0
4691.10,MSg135 MSg365 MSg410,unknown,unknown,1,False,R-L,unknown,0.0
4691.20,MSg87 MSg328,unknown,unknown,1,False,R-L,unknown,0.0
4692.10,MSg311 MSg15 MSg176,unknown,unknown,1,False,R-L,unknown,0.0
4692.20,MSg89 MSg328,unknown,unknown,1,False,R-L,unknown,0.0
4693.0,MSg117 MSg125 MSg59,unknown,unknown,1,False,R-L,unknown,0.0
4694.1,MSg391 MSg97 MSg225 MSg0,unknown,unknown,1,False,R-L,unknown,0.0
4694.2,MSg89 MSg375 MSg162 MSg0,unknown,unknown,1,False,R-L,unknown,0.0
4695.0,MSg278 MSg65 MSg0,unknown,unknown,1,False,R-L,unknown,0.0
4696.0,MSg391 MSg99 MSg387 MSg0,unknown,unknown,1,False,R-L,unknown,0.0
4697.0,MSg0 MSg342,unknown,unknown,1,False,R-L,unknown,0.0
4698.0,MSg059 MSg336 MSg204 MSg8 MSg342 MSg124 MSg169,unknown,unknown,1,False,R-L,unknown,14.29
4699.0,MSg0 MSg99 MSg116 MSg342,unknown,unknown,1,False,R-L,unknown,0.0
4700.10,MSg112 MSg197 MSg0,unknown,unknown,1,False,R-L,unknown,0.0
4700.20,MSg87 MSg328,unknown,unknown,1,False,R-L,unknown,0.0
4701.10,MSg253 MSg244 MSg193 MSg56,unknown,unknown,1,False,R-L,unknown,0.0
4702.10,MSg67 MSg72 MSg342 MSg388 MSg176,unknown,unknown,1,False,R-L,unknown,0.0
4702.20,MSg89 MSg328,unknown,unknown,1,False,R-L,unknown,0.0
4703.10,MSg249 MSg162 MSg0,unknown,unknown,1,False,R-L,unknown,0.0
4704.10,MSg0 MSg149 MSg342 MSg176,unknown,unknown,1,False,R-L,unknown,0.0
4704.20,MSg89 MSg328,unknown,unknown,1,False,R-L,unknown,0.0
4707.0,MSg0 MSg135 MSg192 MSg0,unknown,unknown,1,False,R-L,unknown,0.0
4709.0,MSg226 MSg342,unknown,unknown,1,False,R-L,unknown,0.0
4710.0,MSg0 MSg169,unknown,unknown,1,False,R-L,unknown,0.0
4712.0,MSg70 MSg51 MSg0,unknown,unknown,1,False,R-L,unknown,0.0
4713.0,MSg298 MSg342 MSg254,unknown,unknown,1,False,R-L,unknown,33.33
4714.0,MSg244 MSg252 MSg0,unknown,unknown,1,False,R-L,unknown,0.0
4715.0,MSg0 MSg342 MSg176,unknown,unknown,1,False,R-L,unknown,0.0
4716.0,MSg389 MSg65 MSg249 MSg169 MSg342 MSg176,unknown,unknown,1,False,R-L,unknown,16.67
4717.10,MSg102 MSg51 MSg130 MSg176,unknown,unknown,1,False,R-L,unknown,25.0
4717.20,MSg336 MSg267 MSg341 MSg89 MSg0,unknown,unknown,1,False,R-L,unknown,20.0
4718.10,MSg343 MSg162 MSg343 MSg86 MSg336 MSg89 MSg211,unknown,unknown,1,False,R-L,unknown,0.0
4718.20,MSg89 MSg328,unknown,unknown,1,False,R-L,unknown,0.0
4801.0,MSg345 MSg347 MSg342,unknown,unknown,1,False,R-L,unknown,0.0
4802.0,MSg312 MSg102,unknown,unknown,1,False,R-L,unknown,50.0
4803.0,MSg102 MSg59 MSg249 MSg0,unknown,unknown,1,False,R-L,unknown,0.0
4804.0,MSg313 MSg102,unknown,unknown,1,False,R-L,unknown,0.0
4805.0,MSg67 MSg244 MSg149 MSg342,unknown,unknown,1,False,R-L,unknown,0.0
4806.0,MSg66 MSg176,unknown,unknown,1,False,R-L,unknown,0.0
4807.0,MSg89 MSg210,unknown,unknown,1,False,R-L,unknown,0.0
4808.0,MSg59 MSg327 MSg158 MSg0,unknown,unknown,1,False,R-L,unknown,0.0
4809.0,MSg89 MSg342 MSg124 MSg0,unknown,unknown,1,False,R-L,unknown,0.0
4810.0,MSg70 MSg216 MSg0,unknown,unknown,1,False,R-L,unknown,0.0
4811.0,MSg307 MSg155 MSg97 MSg211,unknown,unknown,1,False,R-L,unknown,25.0
4812.0,MSg267 MSg99 MSg59 MSg053 MSg0,unknown,unknown,1,False,R-L,unknown,40.0
4813.0,MSg391 MSg99 MSg53 MSg342,unknown,unknown,1,False,R-L,unknown,0.0
4814.0,MSg214,unknown,unknown,1,False,R-L,unknown,0.0
4815.0,MSg12,unknown,unknown,1,False,R-L,unknown,0.0
4816.0,MSg0 MSg012,unknown,unknown,1,False,R-L,unknown,50.0
4817.0,MSg0 MSg015,unknown,unknown,1,False,R-L,unknown,50.0
4819.0,MSg0 MSg342 MSg176,unknown,unknown,1,False,R-L,unknown,0.0
4820.0,MSg112 MSg331 MSg342,unknown,unknown,1,False,R-L,unknown,0.0
4821.0,MSg118,unknown,unknown,1,False,R-L,unknown,0.0
4823.0,MSg253 MSg230,unknown,unknown,1,False,R-L,unknown,0.0
4824.0,MSg204 MSg230,unknown,unknown,1,False,R-L,unknown,0.0
4826.0,MSg059 MSg059 MSg342,unknown,unknown,1,False,R-L,unknown,100.0
4827.0,MSg0 MSg342 MSg53 MSg373 MSg287 MSg342,unknown,unknown,1,False,R-L,unknown,16.67
4832.0,MSg67,unknown,unknown,1,False,R-L,unknown,0.0
4833.0,MSg89 MSg89 MSg121 MSg0,unknown,unknown,1,False,R-L,unknown,0.0
4834.0,MSg216,unknown,unknown,1,False,R-L,unknown,0.0
4835.0,MSg267 MSg99 MSg0,unknown,unknown,1,False,R-L,unknown,0.0
4838.0,MSg245 MSg245 MSg0,unknown,unknown,1,False,R-L,unknown,0.0
4839.0,MSg25 MSg342,unknown,unknown,1,False,R-L,unknown,50.0
4840.0,MSg150 MSg0,unknown,unknown,1,False,R-L,unknown,0.0
4841.0,MSg15,unknown,unknown,1,False,R-L,unknown,0.0
4843.0,MSg150 MSg123 MSg104 MSg169,unknown,unknown,1,False,R-L,unknown,0.0
4844.0,MSg1,unknown,unknown,1,False,R-L,unknown,0.0
4845.0,MSg102,unknown,unknown,1,False,R-L,unknown,0.0
4846.0,MSg253 MSg230,unknown,unknown,1,False,R-L,unknown,0.0
4848.0,MSg0 MSg062 MSg065 MSg0,unknown,unknown,1,False,R-L,unknown,50.0
4849.0,MSg0 MSg87 MSg59 MSg0,unknown,unknown,1,False,R-L,unknown,0.0
4852.0,MSg115,unknown,unknown,1,False,R-L,unknown,0.0
4853.0,MSg109 MSg59,unknown,unknown,1,False,R-L,unknown,50.0
4854.0,MSg365 MSg96 MSg0,unknown,unknown,1,False,R-L,unknown,0.0
4855.0,MSg102,unknown,unknown,1,False,R-L,unknown,0.0
4856.0,MSg96 MSg137,unknown,unknown,1,False,R-L,unknown,0.0
4857.0,MSg110,unknown,unknown,1,False,R-L,unknown,0.0
4861.0,MSg102 MSg104,unknown,unknown,1,False,R-L,unknown,0.0
4864.0,MSg0 MSg245,unknown,unknown,1,False,R-L,unknown,0.0
4865.0,MSg391 MSg0,unknown,unknown,1,False,R-L,unknown,0.0
4868.0,MSg104,unknown,unknown,1,False,R-L,unknown,0.0
4871.0,MSg284 MSg277,unknown,unknown,1,False,R-L,unknown,0.0
4873.0,MSg109 MSg59,unknown,unknown,1,False,R-L,unknown,0.0
4874.0,MSg127,unknown,unknown,1,False,R-L,unknown,0.0
4875.0,MSg7,unknown,unknown,1,False,R-L,unknown,0.0
4876.0,MSg127,unknown,unknown,1,False,R-L,unknown,0.0
4877.0,MSg0 MSg387 MSg0,unknown,unknown,1,False,R-L,unknown,0.0
4878.0,MSg0 MSg345 MSg0,unknown,unknown,1,False,R-L,unknown,0.0
4879.0,MSg176,unknown,unknown,1,False,R-L,unknown,0.0
4880.0,MSg59,unknown,unknown,1,False,R-L,unknown,0.0
4881.0,MSg100 MSg104,unknown,unknown,1,False,R-L,unknown,0.0
4884.0,MSg0 MSg342,unknown,unknown,1,False,R-L,unknown,0.0
4901.0,MSg293 MSg244 MSg393,unknown,unknown,1,False,R-L,unknown,0.0
4902.0,MSg0 MSg244 MSg393,unknown,unknown,1,False,R-L,unknown,0.0
4905.0,MSg373 MSg8 MSg373,unknown,unknown,1,False,R-L,unknown,0.0
5001.0,MSg375 MSg342,unknown,unknown,1,False,R-L,unknown,50.0
5003.0,MSg0 MSg216 MSg0,unknown,unknown,1,False,R-L,unknown,0.0
5006.0,MSg100 MSg169,unknown,unknown,1,False,R-L,unknown,0.0
5010.0,MSg87 MSg373 MSg0,unknown,unknown,1,False,R-L,unknown,0.0
5016.0,MSg178 MSg389 MSg15,unknown,unknown,1,False,R-L,unknown,0.0
5017.0,MSg32 MSg97 MSg0,unknown,unknown,1,False,R-L,unknown,0.0
5023.0,MSg0 MSg25 MSg0,unknown,unknown,1,False,R-L,unknown,0.0
5031.0,MSg192 MSg347 MSg342,unknown,unknown,1,False,R-L,unknown,0.0
5034.0,MSg0 MSg402,unknown,unknown,1,False,R-L,unknown,0.0
5035.0,MSg389 MSg342 MSg124 MSg169,unknown,unknown,1,False,R-L,unknown,25.0
5046.0,MSg267 MSg99 MSg2 MSg14,unknown,unknown,1,False,R-L,unknown,0.0
5051.0,MSg111 MSg342,unknown,unknown,1,False,R-L,unknown,0.0
5052.0,MSg53 MSg70 MSg72 MSg342 MSg407 MSg169 MSg178 MSg389 MSg15,unknown,unknown,1,False,R-L,unknown,0.0
5054.0,MSg109 MSg162,unknown,unknown,1,False,R-L,unknown,0.0
5055.0,MSg267 MSg99 MSg204 MSg245 MSg347 MSg342,unknown,unknown,1,False,R-L,unknown,0.0
5056.10,MSg267 MSg343,unknown,unknown,1,False,R-L,unknown,0.0
5056.20,MSg267 MSg343 MSg67 MSg244 MSg342,unknown,unknown,1,False,R-L,unknown,0.0
5057.0,MSg54 MSg123 MSg112 MSg169,unknown,unknown,1,False,R-L,unknown,0.0
5058.0,MSg267 MSg99 MSg72 MSg336 MSg89 MSg327 MSg128 MSg342,unknown,unknown,1,False,R-L,unknown,0.0
5059.0,MSg293 MSg123 MSg0,unknown,unknown,1,False,R-L,unknown,66.67
5060.0,MSg292 MSg342,unknown,unknown,1,False,R-L,unknown,0.0
5061.0,MSg345 MSg341 MSg99 MSg65 MSg407 MSg294 MSg375 MSg336 MSg0,unknown,unknown,1,False,R-L,unknown,0.0
5062.0,MSg267 MSg99 MSg389 MSg70 MSg336 MSg89 MSg211,unknown,unknown,1,False,R-L,unknown,0.0
5063.0,MSg102 MSg15,unknown,unknown,1,False,R-L,unknown,0.0
5064.0,MSg293 MSg123 MSg65 MSg206 MSg86 MSg342,unknown,unknown,1,False,R-L,unknown,0.0
5065.0,MSg0 MSg99 MSg192 MSg342,unknown,unknown,1,False,R-L,unknown,0.0
5066.0,MSg0 MSg348 MSg342,unknown,unknown,1,False,R-L,unknown,0.0
5067.0,MSg293 MSg123 MSg389 MSg53 MSg072 MSg0,unknown,unknown,1,False,R-L,unknown,16.67
5068.0,MSg0 MSg067 MSg53 MSg342 MSg0,unknown,unknown,1,False,R-L,unknown,20.0
5069.0,MSg127 MSg347 MSg342,unknown,unknown,1,False,R-L,unknown,0.0
5070.0,MSg395 MSg99 MSg104 MSg169,unknown,unknown,1,False,R-L,unknown,0.0
5071.0,MSg0 MSg204 MSg112 MSg342,unknown,unknown,1,False,R-L,unknown,0.0
5072.0,MSg327 MSg342,unknown,unknown,1,False,R-L,unknown,0.0
5073.10,MSg87 MSg391 MSg87,unknown,unknown,1,False,R-L,unknown,0.0
5073.20,MSg364 MSg51 MSg130 MSg99 MSg67 MSg244 MSg342,unknown,unknown,1,False,R-L,unknown,0.0
5074.0,MSg076 MSg402 MSg53 MSg67 MSg72 MSg342 MSg17 MSg407 MSg169,unknown,unknown,1,False,R-L,unknown,11.11
5076.10,MSg0 MSg343 MSg204 MSg245 MSg347 MSg342,unknown,unknown,1,False,R-L,unknown,0.0
5077.0,MSg328 MSg86 MSg15,unknown,unknown,1,False,R-L,unknown,0.0
5078.0,MSg261 MSg186 MSg307 MSg97 MSg249 MSg336,unknown,unknown,1,False,R-L,unknown,0.0
5080.0,MSg173 MSg99 MSg102 MSg53 MSg342,unknown,unknown,1,False,R-L,unknown,0.0
5081.0,MSg387 MSg171 MSg59 MSg112 MSg197 MSg342,unknown,unknown,1,False,R-L,unknown,0.0
5083.0,MSg0 MSg387 MSg067 MSg72 MSg139,unknown,unknown,1,False,R-L,unknown,40.0
5084.0,MSg267 MSg99 MSg72 MSg403 MSg87 MSg342,unknown,unknown,1,False,R-L,unknown,16.67
5085.0,MSg391 MSg99 MSg336 MSg256 MSg342,unknown,unknown,1,False,R-L,unknown,0.0
5086.0,MSg402 MSg195 MSg343 MSg65 MSg342 MSg1,unknown,unknown,1,False,R-L,unknown,0.0
5087.0,MSg70 MSg327 MSg128 MSg342,unknown,unknown,1,False,R-L,unknown,0.0
5088.0,MSg221 MSg127 MSg344,unknown,unknown,1,False,R-L,unknown,0.0
5089.0,MSg336 MSg89 MSg211,unknown,unknown,1,False,R-L,unknown,0.0
5090.0,MSg261 MSg134 MSg86 MSg99 MSg65 MSg249 MSg169 MSg342,unknown,unknown,1,False,R-L,unknown,0.0
5091.0,MSg270 MSg99 MSg389 MSg066,unknown,unknown,1,False,R-L,unknown,25.0
5092.0,MSg411 MSg237 MSg0,unknown,unknown,1,False,R-L,unknown,33.33
5093.0,MSg102 MSg15,unknown,unknown,1,False,R-L,unknown,0.0
5094.0,MSg17 MSg254,unknown,unknown,1,False,R-L,unknown,0.0
5096.0,MSg341 MSg28 MSg381 MSg252 MSg99 MSg389 MSg70 MSg336 MSg89 MSg407 MSg87 MSg169,unknown,unknown,1,False,R-L,unknown,0.0
5099.0,MSg41 MSg226 MSg254,unknown,unknown,1,False,R-L,unknown,0.0
5100.0,MSg150 MSg123 MSg104 MSg169,unknown,unknown,1,False,R-L,unknown,0.0
5101.0,MSg87 MSg284 MSg342 MSg98 MSg178 MSg389 MSg15,unknown,unknown,1,False,R-L,unknown,0.0
5102.0,MSg86 MSg210 MSg267 MSg402,unknown,unknown,1,False,R-L,unknown,0.0
5103.0,MSg403,unknown,unknown,1,False,R-L,unknown,0.0
5104.0,MSg0 MSg71,unknown,unknown,1,False,R-L,unknown,0.0
5105.0,MSg178 MSg389 MSg15,unknown,unknown,1,False,R-L,unknown,0.0
5107.0,MSg0 MSg293 MSg245 MSg342,unknown,unknown,1,False,R-L,unknown,0.0
5108.0,MSg150 MSg123 MSg89 MSg89 MSg0,unknown,unknown,1,False,R-L,unknown,0.0
5109.0,MSg0 MSg402 MSg123 MSg51 MSg130 MSg149 MSg0,unknown,unknown,1,False,R-L,unknown,0.0
5110.0,MSg387 MSg65 MSg0,unknown,unknown,1,False,R-L,unknown,0.0
5114.0,MSg53 MSg67 MSg336 MSg89 MSg18 MSg211,unknown,unknown,1,False,R-L,unknown,0.0
5115.0,MSg0 MSg99 MSg249 MSg162 MSg342,unknown,unknown,1,False,R-L,unknown,0.0
5119.1,MSg391 MSg99,unknown,unknown,1,False,R-L,unknown,0.0
5119.2,MSg102 MSg287 MSg342 MSg242,unknown,unknown,1,False,R-L,unknown,0.0
5120.0,MSg292 MSg342,unknown,unknown,1,False,R-L,unknown,0.0
5123.0,MSg249 MSg167 MSg12,unknown,unknown,1,False,R-L,unknown,0.0
5124.0,MSg244 MSg51 MSg130 MSg176,unknown,unknown,1,False,R-L,unknown,0.0
5201.0,MSg102 MSg25,unknown,unknown,1,False,R-L,unknown,0.0
5203.1,MSg102 MSg190,unknown,unknown,1,False,R-L,unknown,0.0
5203.2,MSg374,unknown,unknown,1,False,R-L,unknown,0.0
5204.1,MSg102 MSg190,unknown,unknown,1,False,R-L,unknown,0.0
5204.2,MSg374,unknown,unknown,1,False,R-L,unknown,0.0
5205.10,MSg389 MSg171 MSg59 MSg182 MSg293 MSg51 MSg130 MSg149 MSg249 MSg169 MSg342,unknown,unknown,1,False,R-L,unknown,9.09
5206.0,MSg373 MSg341 MSg342,unknown,unknown,1,False,R-L,unknown,0.0
5207.10,MSg210 MSg169 MSg99 MSg67 MSg211,unknown,unknown,1,False,R-L,unknown,0.0
5208.10,MSg210 MSg169 MSg99 MSg67 MSg211,unknown,unknown,1,False,R-L,unknown,0.0
5209.10,MSg210 MSg169 MSg99 MSg67 MSg211,unknown,unknown,1,False,R-L,unknown,0.0
5210.10,MSg210 MSg169 MSg99 MSg67 MSg211,unknown,unknown,1,False,R-L,unknown,0.0
5211.0,MSg389 MSg65 MSg249 MSg169 MSg342 MSg176,unknown,unknown,1,False,R-L,unknown,0.0
5212.10,MSg210 MSg169 MSg99 MSg67 MSg211,unknown,unknown,1,False,R-L,unknown,0.0
5213.10,MSg210 MSg169 MSg99 MSg67 MSg211,unknown,unknown,1,False,R-L,unknown,0.0
5214.10,MSg210 MSg169 MSg99 MSg67 MSg211,unknown,unknown,1,False,R-L,unknown,0.0
5215.10,MSg210 MSg169 MSg99 MSg67 MSg211,unknown,unknown,1,False,R-L,unknown,0.0
5216.10,MSg210 MSg169 MSg99 MSg67 MSg211,unknown,unknown,1,False,R-L,unknown,0.0
5217.10,MSg210 MSg169 MSg99 MSg67 MSg211,unknown,unknown,1,False,R-L,unknown,0.0
5218.10,MSg210 MSg169 MSg99 MSg67 MSg211,unknown,unknown,1,False,R-L,unknown,0.0
5219.10,MSg210 MSg169 MSg99 MSg67 MSg211,unknown,unknown,1,False,R-L,unknown,0.0
5220.10,MSg210 MSg169 MSg99 MSg67 MSg211,unknown,unknown,1,False,R-L,unknown,0.0
5221.0,MSg373 MSg48 MSg0,unknown,unknown,1,False,R-L,unknown,0.0
5222.10,MSg65 MSg249 MSg162 MSg342,unknown,unknown,1,False,R-L,unknown,0.0
5222.20,MSg89 MSg328,unknown,unknown,1,False,R-L,unknown,0.0
5223.10,MSg65 MSg249 MSg162 MSg342,unknown,unknown,1,False,R-L,unknown,0.0
5223.20,MSg89 MSg328,unknown,unknown,1,False,R-L,unknown,0.0
5225.0,MSg0 MSg87 MSg261,unknown,unknown,1,False,R-L,unknown,0.0
5226.0,MSg53 MSg171 MSg59 MSg342 MSg176,unknown,unknown,1,False,R-L,unknown,0.0
5227.10,MSg389 MSg171 MSg59 MSg182 MSg293 MSg051 MSg130 MSg149 MSg249 MSg169 MSg342,unknown,unknown,1,False,R-L,unknown,18.18
5228.0,MSg219 MSg209 MSg0,unknown,unknown,1,False,R-L,unknown,0.0
5229.10,MSg389 MSg171 MSg59 MSg182 MSg293 MSg51 MSg130 MSg149 MSg249 MSg169 MSg342,unknown,unknown,1,False,R-L,unknown,9.09
5230.10,MSg389 MSg171 MSg59 MSg182 MSg293 MSg51 MSg130 MSg149 MSg249 MSg169 MSg342,unknown,unknown,1,False,R-L,unknown,0.0
5231.0,MSg389 MSg65 MSg249 MSg169 MSg342 MSg176,unknown,unknown,1,False,R-L,unknown,0.0
5232.0,MSg389 MSg65 MSg249 MSg169 MSg342 MSg176,unknown,unknown,1,False,R-L,unknown,0.0
5233.0,MSg0 MSg343 MSg008 MSg0,unknown,unknown,1,False,R-L,unknown,25.0
5234.10,MSg389 MSg171 MSg59 MSg182 MSg293 MSg051 MSg130 MSg149 MSg249 MSg169 MSg342,unknown,unknown,1,False,R-L,unknown,18.18
5235.0,MSg0 MSg249 MSg162 MSg342,unknown,unknown,1,False,R-L,unknown,0.0
5236.0,MSg53 MSg171 MSg59 MSg342 MSg176,unknown,unknown,1,False,R-L,unknown,0.0
5237.10,MSg267 MSg99 MSg67 MSg135 MSg342,unknown,unknown,1,False,R-L,unknown,0.0
5237.20,MSg65 MSg59 MSg48 MSg342,unknown,unknown,1,False,R-L,unknown,0.0
5238.10,MSg267 MSg99 MSg67 MSg135 MSg342,unknown,unknown,1,False,R-L,unknown,0.0
5238.20,MSg65 MSg59 MSg48 MSg342,unknown,unknown,1,False,R-L,unknown,0.0
5239.10,MSg267 MSg99 MSg67 MSg135 MSg342,unknown,unknown,1,False,R-L,unknown,0.0
5239.20,MSg65 MSg59 MSg48 MSg342,unknown,unknown,1,False,R-L,unknown,0.0
5240.10,MSg267 MSg99 MSg67 MSg135 MSg342,unknown,unknown,1,False,R-L,unknown,0.0
5240.20,MSg65 MSg59 MSg48 MSg342,unknown,unknown,1,False,R-L,unknown,0.0
5241.10,MSg0 MSg135 MSg342,unknown,unknown,1,False,R-L,unknown,0.0
5241.20,MSg0,unknown,unknown,1,False,R-L,unknown,0.0
5242.10,MSg178 MSg389 MSg15,unknown,unknown,1,False,R-L,unknown,0.0
5243.10,MSg337 MSg294 MSg15 MSg176,unknown,unknown,1,False,R-L,unknown,0.0
5244.10,MSg337 MSg294 MSg15 MSg176,unknown,unknown,1,False,R-L,unknown,0.0
5245.10,MSg178 MSg389 MSg15,unknown,unknown,1,False,R-L,unknown,0.0
5246.10,MSg389 MSg171 MSg59 MSg182 MSg293 MSg0,unknown,unknown,1,False,R-L,unknown,0.0
5249.10,MSg204 MSg0 MSg176,unknown,unknown,1,False,R-L,unknown,0.0
5250.10,MSg103 MSg403 MSg342,unknown,unknown,1,False,R-L,unknown,33.33
5250.20,MSg328 MSg59,unknown,unknown,1,False,R-L,unknown,0.0
5251.10,MSg178 MSg389 MSg15,unknown,unknown,1,False,R-L,unknown,0.0
5252.10,MSg67 MSg135 MSg347 MSg342,unknown,unknown,1,False,R-L,unknown,0.0
5252.20,MSg345 MSg328,unknown,unknown,1,False,R-L,unknown,0.0
5253.10,MSg389 MSg171 MSg59 MSg182 MSg293 MSg51 MSg130 MSg149 MSg249 MSg162 MSg342,unknown,unknown,1,False,R-L,unknown,0.0
5254.10,MSg263 MSg343 MSg113 MSg342,unknown,unknown,1,False,R-L,unknown,0.0
5254.20,MSg177 MSg197 MSg192 MSg341 MSg89 MSg328,unknown,unknown,1,False,R-L,unknown,0.0
5255.10,MSg178 MSg389 MSg15,unknown,unknown,1,False,R-L,unknown,0.0
5256.10,MSg389 MSg171 MSg59 MSg182 MSg293 MSg51 MSg130 MSg149 MSg249 MSg169 MSg342,unknown,unknown,1,False,R-L,unknown,0.0
5257.10,MSg67 MSg135 MSg0,unknown,unknown,1,False,R-L,unknown,0.0
5257.20,MSg345 MSg328,unknown,unknown,1,False,R-L,unknown,0.0
5259.0,MSg389 MSg65 MSg249 MSg169 MSg342 MSg176,unknown,unknown,1,False,R-L,unknown,16.67
5260.10,MSg204 MSg0,unknown,unknown,1,False,R-L,unknown,0.0
5261.0,MSg150 MSg123 MSg67 MSg244 MSg342,unknown,unknown,1,False,R-L,unknown,0.0
5262.10,MSg210 MSg169 MSg99 MSg67 MSg211,unknown,unknown,1,False,R-L,unknown,0.0
5263.10,MSg47 MSg48 MSg8 MSg342 MSg176,unknown,unknown,1,False,R-L,unknown,0.0
5264.10,MSg267 MSg99 MSg67 MSg294 MSg342,unknown,unknown,1,False,R-L,unknown,0.0
5264.20,MSg87 MSg328,unknown,unknown,1,False,R-L,unknown,0.0
5265.0,MSg373 MSg48 MSg373,unknown,unknown,1,False,R-L,unknown,0.0
5266.0,MSg373 MSg342,unknown,unknown,1,False,R-L,unknown,0.0
5267.0,MSg373 MSg48 MSg373,unknown,unknown,1,False,R-L,unknown,0.0
5268.0,MSg48 MSg342 MSg176,unknown,unknown,1,False,R-L,unknown,66.67
5269.10,MSg409 MSg96 MSg171,unknown,unknown,1,False,R-L,unknown,0.0
5269.20,MSg89 MSg328,unknown,unknown,1,False,R-L,unknown,0.0
5270.10,MSg175 MSg176 MSg211 MSg176,unknown,unknown,1,False,R-L,unknown,0.0
5270.20,MSg87 MSg328,unknown,unknown,1,False,R-L,unknown,0.0
5271.10,MSg40 MSg176,unknown,unknown,1,False,R-L,unknown,0.0
5271.20,MSg95 MSg328,unknown,unknown,1,False,R-L,unknown,0.0
5274.10,MSg245 MSg245 MSg307 MSg342 MSg176,unknown,unknown,1,False,R-L,unknown,0.0
5274.20,MSg89 MSg328,unknown,unknown,1,False,R-L,unknown,0.0
5275.0,MSg389 MSg65 MSg249 MSg169 MSg342 MSg176,unknown,unknown,1,False,R-L,unknown,0.0
5276.10,MSg65 MSg249 MSg169 MSg342 MSg176,unknown,unknown,1,False,R-L,unknown,0.0
5276.20,MSg89 MSg328,unknown,unknown,1,False,R-L,unknown,0.0
5277.10,MSg70 MSg48 MSg342 MSg176,unknown,unknown,1,False,R-L,unknown,0.0
5277.20,MSg95 MSg328,unknown,unknown,1,False,R-L,unknown,0.0
5278.10,MSg150 MSg123 MSg67 MSg0,unknown,unknown,1,False,R-L,unknown,0.0
5278.20,MSg89 MSg328,unknown,unknown,1,False,R-L,unknown,0.0
5279.10,MSg25 MSg245 MSg245,unknown,unknown,1,False,R-L,unknown,0.0
5280.10,MSg204 MSg112 MSg342,unknown,unknown,1,False,R-L,unknown,0.0
5281.10,MSg0 MSg375,unknown,unknown,1,False,R-L,unknown,0.0
5281.20,MSg0 MSg328,unknown,unknown,1,False,R-L,unknown,0.0
5282.10,MSg204 MSg230 MSg342 MSg176,unknown,unknown,1,False,R-L,unknown,0.0
5283.10,MSg67 MSg72 MSg342 MSg388 MSg176,unknown,unknown,1,False,R-L,unknown,0.0
5283.20,MSg89 MSg328 MSg28,unknown,unknown,1,False,R-L,unknown,0.0
5284.10,MSg178 MSg389 MSg15,unknown,unknown,1,False,R-L,unknown,0.0
5285.10,MSg379 MSg307 MSg176,unknown,unknown,1,False,R-L,unknown,0.0
5285.20,MSg87 MSg328,unknown,unknown,1,False,R-L,unknown,0.0
5286.10,MSg65 MSg249 MSg162 MSg342,unknown,unknown,1,False,R-L,unknown,0.0
5286.20,MSg89 MSg328,unknown,unknown,1,False,R-L,unknown,0.0
5287.0,MSg0 MSg249 MSg169 MSg342 MSg176,unknown,unknown,1,False,R-L,unknown,0.0
5288.10,MSg70 MSg53 MSg48 MSg342,unknown,unknown,1,False,R-L,unknown,0.0
5289.10,MSg67 MSg135 MSg347 MSg342,unknown,unknown,1,False,R-L,unknown,0.0
5289.20,MSg345 MSg328,unknown,unknown,1,False,R-L,unknown,0.0
5291.10,MSg53 MSg67 MSg0,unknown,unknown,1,False,R-L,unknown,0.0
5291.20,MSg89 MSg0,unknown,unknown,1,False,R-L,unknown,0.0
5292.10,MSg336 MSg51 MSg8 MSg342 MSg176,unknown,unknown,1,False,R-L,unknown,0.0
5292.20,MSg95 MSg328,unknown,unknown,1,False,R-L,unknown,0.0
5293.10,MSg48 MSg193 MSg342,unknown,unknown,1,False,R-L,unknown,0.0
5293.20,MSg87 MSg328,unknown,unknown,1,False,R-L,unknown,0.0
5296.10,MSg137,unknown,unknown,1,False,R-L,unknown,0.0
5296.20,MSg178 MSg389 MSg15,unknown,unknown,1,False,R-L,unknown,0.0
5297.0,MSg0 MSg249 MSg169 MSg342 MSg176,unknown,unknown,1,False,R-L,unknown,0.0
5298.0,MSg373 MSg0,unknown,unknown,1,False,R-L,unknown,0.0
5299.10,MSg391 MSg123 MSg216 MSg254,unknown,unknown,1,False,R-L,unknown,0.0
5300.0,MSg67 MSg204 MSg112 MSg342 MSg176,unknown,unknown,1,False,R-L,unknown,20.0
5301.10,MSg40 MSg176,unknown,unknown,1,False,R-L,unknown,0.0
5302.10,MSg67 MSg211,unknown,unknown,1,False,R-L,unknown,0.0
5302.20,MSg95 MSg328,unknown,unknown,1,False,R-L,unknown,0.0
5303.10,MSg391 MSg99 MSg40,unknown,unknown,1,False,R-L,unknown,0.0
5303.20,MSg167 MSg87 MSg328,unknown,unknown,1,False,R-L,unknown,0.0
5304.0,MSg253 MSg230,unknown,unknown,1,False,R-L,unknown,0.0
5305.10,MSg127 MSg342 MSg176 MSg403 MSg340,unknown,unknown,1,False,R-L,unknown,0.0
5306.0,MSg373 MSg342 MSg176,unknown,unknown,1,False,R-L,unknown,0.0
5308.0,MSg103 MSg403 MSg342 MSg176,unknown,unknown,1,False,R-L,unknown,0.0
5309.0,MSg153 MSg153 MSg048 MSg0,unknown,unknown,1,False,R-L,unknown,25.0
5310.10,MSg293 MSg123 MSg343 MSg102 MSg169,unknown,unknown,1,False,R-L,unknown,0.0
5310.20,MSg89 MSg328,unknown,unknown,1,False,R-L,unknown,0.0
5311.10,MSg0 MSg135 MSg347 MSg342,unknown,unknown,1,False,R-L,unknown,0.0
5311.20,MSg345 MSg328,unknown,unknown,1,False,R-L,unknown,0.0
5312.0,MSg127,unknown,unknown,1,False,R-L,unknown,0.0
5313.0,MSg127,unknown,unknown,1,False,R-L,unknown,0.0
5314.0,MSg127,unknown,unknown,1,False,R-L,unknown,0.0
5315.0,MSg127,unknown,unknown,1,False,R-L,unknown,0.0
5316.0,MSg127,unknown,unknown,1,False,R-L,unknown,0.0
5317.10,MSg065 MSg72 MSg78 MSg347 MSg342,unknown,unknown,1,False,R-L,unknown,40.0
5317.20,MSg87 MSg328,unknown,unknown,1,False,R-L,unknown,0.0
5318.10,MSg065 MSg72 MSg78 MSg347 MSg342,unknown,unknown,1,False,R-L,unknown,20.0
5318.20,MSg87 MSg328,unknown,unknown,1,False,R-L,unknown,0.0
5319.10,MSg149 MSg59 MSg0,unknown,unknown,1,False,R-L,unknown,0.0
5319.20,MSg89 MSg328,unknown,unknown,1,False,R-L,unknown,0.0
5320.10,MSg177 MSg307 MSg284,unknown,unknown,1,False,R-L,unknown,0.0
5320.20,MSg171 MSg59 MSg211,unknown,unknown,1,False,R-L,unknown,0.0
5321.10,MSg59 MSg66 MSg176,unknown,unknown,1,False,R-L,unknown,0.0
5321.20,MSg89 MSg328,unknown,unknown,1,False,R-L,unknown,0.0
5322.10,MSg391 MSg104 MSg162,unknown,unknown,1,False,R-L,unknown,33.33
5322.20,MSg89 MSg328,unknown,unknown,1,False,R-L,unknown,0.0
5323.10,MSg65 MSg71 MSg176,unknown,unknown,1,False,R-L,unknown,0.0
5323.20,MSg87 MSg328,unknown,unknown,1,False,R-L,unknown,0.0
5324.10,MSg267 MSg402 MSg0,unknown,unknown,1,False,R-L,unknown,0.0
5324.20,MSg403 MSg87 MSg342,unknown,unknown,1,False,R-L,unknown,0.0
5325.10,MSg0 MSg391 MSg99 MSg0,unknown,unknown,1,False,R-L,unknown,0.0
5325.20,MSg280 MSg328 MSg342,unknown,unknown,1,False,R-L,unknown,0.0
5326.10,MSg54 MSg254 MSg176,unknown,unknown,1,False,R-L,unknown,0.0
5327.10,MSg397 MSg233,unknown,unknown,1,False,R-L,unknown,0.0
5327.20,MSg87 MSg328,unknown,unknown,1,False,R-L,unknown,0.0
5328.0,MSg48 MSg0 MSg149 MSg342,unknown,unknown,1,False,R-L,unknown,0.0
5329.10,MSg177,unknown,unknown,1,False,R-L,unknown,0.0
5329.20,MSg186 MSg173 MSg86 MSg99 MSg67 MSg0,unknown,unknown,1,False,R-L,unknown,0.0
5331.0,MSg102 MSg025,unknown,unknown,1,False,R-L,unknown,50.0
5332.10,MSg0 MSg230 MSg53 MSg342,unknown,unknown,1,False,R-L,unknown,0.0
5333.10,MSg102 MSg25,unknown,unknown,1,False,R-L,unknown,0.0
5334.10,MSg67 MSg135 MSg0,unknown,unknown,1,False,R-L,unknown,0.0
5334.20,MSg345 MSg328,unknown,unknown,1,False,R-L,unknown,0.0
5335.10,MSg136 MSg193 MSg342,unknown,unknown,1,False,R-L,unknown,0.0
5335.20,MSg89 MSg328,unknown,unknown,1,False,R-L,unknown,0.0
5336.10,MSg136 MSg193 MSg342,unknown,unknown,1,False,R-L,unknown,0.0
5336.20,MSg87 MSg328,unknown,unknown,1,False,R-L,unknown,0.0
5337.10,MSg150 MSg123 MSg67 MSg244 MSg342,unknown,unknown,1,False,R-L,unknown,0.0
5337.20,MSg89 MSg328,unknown,unknown,1,False,R-L,unknown,0.0
5339.0,MSg0 MSg48 MSg373,unknown,unknown,1,False,R-L,unknown,0.0
5340.10,MSg175 MSg230 MSg53 MSg342,unknown,unknown,1,False,R-L,unknown,25.0
5341.0,MSg375 MSg375 MSg342,unknown,unknown,1,False,R-L,unknown,0.0
5401.10,MSg142 MSg149,unknown,unknown,1,False,R-L,unknown,0.0
5401.20,MSg119 MSg87 MSg342 MSg176,unknown,unknown,1,False,R-L,unknown,0.0
5402.10,MSg67 MSg244 MSg149 MSg342,unknown,unknown,1,False,R-L,unknown,0.0
5402.20,MSg87 MSg328,unknown,unknown,1,False,R-L,unknown,0.0
5403.10,MSg0 MSg176,unknown,unknown,1,False,R-L,unknown,0.0
5403.20,MSg0 MSg176,unknown,unknown,1,False,R-L,unknown,0.0
5404.0,MSg249 MSg169 MSg342,unknown,unknown,1,False,R-L,unknown,0.0
5405.10,MSg48 MSg342 MSg176,unknown,unknown,1,False,R-L,unknown,0.0
5405.20,MSg95 MSg328,unknown,unknown,1,False,R-L,unknown,0.0
5406.10,MSg73 MSg176,unknown,unknown,1,False,R-L,unknown,0.0
5406.20,MSg95 MSg328,unknown,unknown,1,False,R-L,unknown,0.0
5407.10,MSg48 MSg342 MSg176,unknown,unknown,1,False,R-L,unknown,0.0
5407.20,MSg89 MSg328,unknown,unknown,1,False,R-L,unknown,0.0
5408.10,MSg48 MSg342 MSg0,unknown,unknown,1,False,R-L,unknown,33.33
5408.20,MSg89 MSg328,unknown,unknown,1,False,R-L,unknown,0.0
5409.10,MSg48 MSg342 MSg176,unknown,unknown,1,False,R-L,unknown,0.0
5409.20,MSg89 MSg328,unknown,unknown,1,False,R-L,unknown,0.0
5410.10,MSg287 MSg402,unknown,unknown,1,False,R-L,unknown,0.0
5410.20,MSg87 MSg328,unknown,unknown,1,False,R-L,unknown,0.0
5411.10,MSg48 MSg342 MSg176,unknown,unknown,1,False,R-L,unknown,0.0
5411.20,MSg89 MSg328,unknown,unknown,1,False,R-L,unknown,0.0
5412.10,MSg48 MSg342 MSg176,unknown,unknown,1,False,R-L,unknown,0.0
5412.20,MSg89 MSg328,unknown,unknown,1,False,R-L,unknown,0.0
5413.10,MSg48 MSg342 MSg176,unknown,unknown,1,False,R-L,unknown,0.0
5413.20,MSg89 MSg328,unknown,unknown,1,False,R-L,unknown,0.0
5413.30,MSg89 MSg328,unknown,unknown,1,False,R-L,unknown,0.0
5414.10,MSg0 MSg342 MSg176,unknown,unknown,1,False,R-L,unknown,0.0
5414.20,MSg086 MSg328,unknown,unknown,1,False,R-L,unknown,50.0
5415.10,MSg48 MSg342 MSg0,unknown,unknown,1,False,R-L,unknown,0.0
5415.20,MSg87 MSg328,unknown,unknown,1,False,R-L,unknown,0.0
5416.10,MSg48 MSg342 MSg176,unknown,unknown,1,False,R-L,unknown,0.0
5416.20,MSg89 MSg328,unknown,unknown,1,False,R-L,unknown,0.0
5417.10,MSg245 MSg0,unknown,unknown,1,False,R-L,unknown,0.0
5417.20,MSg307 MSg0,unknown,unknown,1,False,R-L,unknown,0.0
5418.10,MSg287 MSg402,unknown,unknown,1,False,R-L,unknown,0.0
5418.20,MSg95 MSg328,unknown,unknown,1,False,R-L,unknown,0.0
5419.10,MSg48 MSg342 MSg176,unknown,unknown,1,False,R-L,unknown,0.0
5419.20,MSg89 MSg328,unknown,unknown,1,False,R-L,unknown,0.0
5420.10,MSg48 MSg342 MSg0,unknown,unknown,1,False,R-L,unknown,0.0
5420.20,MSg87 MSg328,unknown,unknown,1,False,R-L,unknown,0.0
5421.10,MSg48 MSg342 MSg176,unknown,unknown,1,False,R-L,unknown,0.0
5421.20,MSg89 MSg328,unknown,unknown,1,False,R-L,unknown,0.0
5422.10,MSg48 MSg342 MSg176,unknown,unknown,1,False,R-L,unknown,0.0
5422.20,MSg89 MSg328,unknown,unknown,1,False,R-L,unknown,0.0
5423.10,MSg48 MSg342 MSg176,unknown,unknown,1,False,R-L,unknown,0.0
5423.20,MSg89 MSg328,unknown,unknown,1,False,R-L,unknown,0.0
5425.10,MSg048 MSg342 MSg176,unknown,unknown,1,False,R-L,unknown,33.33
5425.20,MSg89 MSg328,unknown,unknown,1,False,R-L,unknown,50.0
5426.10,MSg48 MSg342 MSg176,unknown,unknown,1,False,R-L,unknown,0.0
5426.20,MSg95 MSg328,unknown,unknown,1,False,R-L,unknown,0.0
5427.10,MSg48 MSg342 MSg176,unknown,unknown,1,False,R-L,unknown,0.0
5427.20,MSg95 MSg328,unknown,unknown,1,False,R-L,unknown,0.0
5428.10,MSg0 MSg342,unknown,unknown,1,False,R-L,unknown,0.0
5428.20,MSg0 MSg328,unknown,unknown,1,False,R-L,unknown,0.0
5429.10,MSg0,unknown,unknown,1,False,R-L,unknown,0.0
5429.20,MSg087 MSg328,unknown,unknown,1,False,R-L,unknown,50.0
5430.10,MSg48 MSg342 MSg176,unknown,unknown,1,False,R-L,unknown,0.0
5430.20,MSg95 MSg328,unknown,unknown,1,False,R-L,unknown,0.0
5431.10,MSg258 MSg347 MSg342 MSg176,unknown,unknown,1,False,R-L,unknown,0.0
5432.10,MSg48 MSg342 MSg176,unknown,unknown,1,False,R-L,unknown,0.0
5432.20,MSg95 MSg328,unknown,unknown,1,False,R-L,unknown,0.0
5433.10,MSg48 MSg342 MSg176,unknown,unknown,1,False,R-L,unknown,0.0
5433.20,MSg95 MSg328,unknown,unknown,1,False,R-L,unknown,0.0
5434.10,MSg48 MSg342 MSg176,unknown,unknown,1,False,R-L,unknown,0.0
5434.20,MSg89 MSg328,unknown,unknown,1,False,R-L,unknown,0.0
5436.10,MSg287 MSg402,unknown,unknown,1,False,R-L,unknown,0.0
5436.20,MSg89 MSg328,unknown,unknown,1,False,R-L,unknown,0.0
5437.10,MSg48 MSg342 MSg176,unknown,unknown,1,False,R-L,unknown,0.0
5437.20,MSg89 MSg328,unknown,unknown,1,False,R-L,unknown,0.0
5438.10,MSg0 MSg342 MSg176,unknown,unknown,1,False,R-L,unknown,0.0
5438.20,MSg89 MSg0,unknown,unknown,1,False,R-L,unknown,0.0
5440.10,MSg48 MSg342 MSg176,unknown,unknown,1,False,R-L,unknown,0.0
5440.20,MSg95 MSg328,unknown,unknown,1,False,R-L,unknown,0.0
5441.10,MSg103 MSg403 MSg0,unknown,unknown,1,False,R-L,unknown,0.0
5441.20,MSg87 MSg0,unknown,unknown,1,False,R-L,unknown,0.0
5442.10,MSg48 MSg342 MSg176,unknown,unknown,1,False,R-L,unknown,0.0
5442.20,MSg89 MSg328,unknown,unknown,1,False,R-L,unknown,0.0
5443.10,MSg48 MSg342 MSg0,unknown,unknown,1,False,R-L,unknown,0.0
5443.20,MSg87 MSg328,unknown,unknown,1,False,R-L,unknown,0.0
5444.10,MSg138 MSg176,unknown,unknown,1,False,R-L,unknown,0.0
5444.20,MSg87 MSg328,unknown,unknown,1,False,R-L,unknown,0.0
5446.10,MSg0 MSg342 MSg176,unknown,unknown,1,False,R-L,unknown,0.0
5446.20,MSg89 MSg0,unknown,unknown,1,False,R-L,unknown,0.0
5447.10,MSg48 MSg342 MSg176,unknown,unknown,1,False,R-L,unknown,0.0
5447.20,MSg95 MSg328,unknown,unknown,1,False,R-L,unknown,0.0
5449.10,MSg48 MSg342 MSg176,unknown,unknown,1,False,R-L,unknown,33.33
5449.20,MSg089 MSg328,unknown,unknown,1,False,R-L,unknown,50.0
5450.10,MSg171 MSg59 MSg211,unknown,unknown,1,False,R-L,unknown,0.0
5450.20,MSg95 MSg328,unknown,unknown,1,False,R-L,unknown,0.0
5451.10,MSg0 MSg342 MSg176,unknown,unknown,1,False,R-L,unknown,0.0
5451.20,MSg89 MSg0,unknown,unknown,1,False,R-L,unknown,0.0
5452.10,MSg103 MSg403 MSg342,unknown,unknown,1,False,R-L,unknown,0.0
5452.20,MSg89 MSg328,unknown,unknown,1,False,R-L,unknown,0.0
5453.10,MSg307 MSg387 MSg342,unknown,unknown,1,False,R-L,unknown,0.0
5454.10,MSg103 MSg403 MSg342,unknown,unknown,1,False,R-L,unknown,66.67
5454.20,MSg87 MSg328,unknown,unknown,1,False,R-L,unknown,0.0
5455.10,MSg0 MSg342,unknown,unknown,1,False,R-L,unknown,0.0
5455.20,MSg95 MSg328,unknown,unknown,1,False,R-L,unknown,0.0
5456.10,MSg0 MSg342 MSg176,unknown,unknown,1,False,R-L,unknown,0.0
5456.20,MSg0 MSg328,unknown,unknown,1,False,R-L,unknown,0.0
5457.10,MSg48 MSg342 MSg176,unknown,unknown,1,False,R-L,unknown,0.0
5457.20,MSg89 MSg328,unknown,unknown,1,False,R-L,unknown,0.0
5458.10,MSg48 MSg342 MSg176,unknown,unknown,1,False,R-L,unknown,0.0
5458.20,MSg089 MSg0,unknown,unknown,1,False,R-L,unknown,50.0
5459.10,MSg258 MSg347 MSg342 MSg176,unknown,unknown,1,False,R-L,unknown,0.0
5460.10,MSg173 MSg59 MSg342 MSg347 MSg176,unknown,unknown,1,False,R-L,unknown,0.0
5460.20,MSg95 MSg328 MSg59,unknown,unknown,1,False,R-L,unknown,0.0
5461.10,MSg173 MSg59 MSg347 MSg342 MSg176,unknown,unknown,1,False,R-L,unknown,0.0
5461.20,MSg95 MSg328 MSg59,unknown,unknown,1,False,R-L,unknown,0.0
5462.10,MSg326,unknown,unknown,1,False,R-L,unknown,0.0
5462.20,MSg104 MSg369 MSg342,unknown,unknown,1,False,R-L,unknown,0.0
5463.10,MSg59,unknown,unknown,1,False,R-L,unknown,0.0
5463.20,MSg102 MSg15,unknown,unknown,1,False,R-L,unknown,0.0
5464.10,MSg48 MSg342 MSg176,unknown,unknown,1,False,R-L,unknown,0.0
5464.20,MSg87 MSg328,unknown,unknown,1,False,R-L,unknown,0.0
5466.10,MSg53 MSg347 MSg342,unknown,unknown,1,False,R-L,unknown,0.0
5466.20,MSg87 MSg328,unknown,unknown,1,False,R-L,unknown,0.0
5467.10,MSg326,unknown,unknown,1,False,R-L,unknown,0.0
5467.20,MSg104 MSg368 MSg342,unknown,unknown,1,False,R-L,unknown,0.0
5469.0,MSg72 MSg216 MSg254,unknown,unknown,1,False,R-L,unknown,0.0
5470.0,MSg103 MSg403 MSg342,unknown,unknown,1,False,R-L,unknown,0.0
5471.10,MSg177 MSg307 MSg149,unknown,unknown,1,False,R-L,unknown,0.0
5471.20,MSg76 MSg343 MSg224,unknown,unknown,1,False,R-L,unknown,0.0
5471.30,MSg95 MSg328,unknown,unknown,1,False,R-L,unknown,0.0
5472.10,MSg286 MSg87 MSg15,unknown,unknown,1,False,R-L,unknown,0.0
5472.20,MSg87 MSg328,unknown,unknown,1,False,R-L,unknown,0.0
5473.10,MSg67 MSg244 MSg342 MSg176,unknown,unknown,1,False,R-L,unknown,0.0
5473.20,MSg328 MSg28,unknown,unknown,1,False,R-L,unknown,0.0
5474.10,MSg403 MSg87 MSg342,unknown,unknown,1,False,R-L,unknown,0.0
5474.20,MSg89 MSg328,unknown,unknown,1,False,R-L,unknown,0.0
5475.0,MSg102 MSg59 MSg342,unknown,unknown,1,False,R-L,unknown,0.0
5476.10,MSg391 MSg123 MSg124 MSg342,unknown,unknown,1,False,R-L,unknown,0.0
5476.20,MSg87 MSg328,unknown,unknown,1,False,R-L,unknown,0.0
5477.10,MSg60 MSg176,unknown,unknown,1,False,R-L,unknown,0.0
5478.10,MSg72 MSg216 MSg254,unknown,unknown,1,False,R-L,unknown,0.0
5478.20,MSg89 MSg328,unknown,unknown,1,False,R-L,unknown,0.0
5479.10,MSg67 MSg244 MSg149 MSg342,unknown,unknown,1,False,R-L,unknown,0.0
5479.20,MSg87 MSg328,unknown,unknown,1,False,R-L,unknown,0.0
5480.10,MSg86 MSg267 MSg89,unknown,unknown,1,False,R-L,unknown,0.0
5480.20,MSg124 MSg51 MSg342,unknown,unknown,1,False,R-L,unknown,0.0
5481.10,MSg67 MSg244 MSg342 MSg176,unknown,unknown,1,False,R-L,unknown,0.0
5481.20,MSg28 MSg328,unknown,unknown,1,False,R-L,unknown,0.0
5482.10,MSg0 MSg284,unknown,unknown,1,False,R-L,unknown,0.0
5482.20,MSg409 MSg094 MSg0,unknown,unknown,1,False,R-L,unknown,33.33
5483.10,MSg0,unknown,unknown,1,False,R-L,unknown,0.0
5483.20,MSg87 MSg328,unknown,unknown,1,False,R-L,unknown,0.0
5484.10,MSg328 MSg59,unknown,unknown,1,False,R-L,unknown,0.0
5485.10,MSg142 MSg149,unknown,unknown,1,False,R-L,unknown,0.0
5485.20,MSg119 MSg87 MSg342 MSg176,unknown,unknown,1,False,R-L,unknown,0.0
5486.10,MSg142 MSg149,unknown,unknown,1,False,R-L,unknown,0.0
5486.20,MSg119 MSg87 MSg342 MSg176,unknown,unknown,1,False,R-L,unknown,25.0
5487.0,MSg72 MSg87 MSg403 MSg342 MSg176,unknown,unknown,1,False,R-L,unknown,0.0
5488.0,MSg0 MSg244 MSg342 MSg176,unknown,unknown,1,False,R-L,unknown,25.0
5489.0,MSg217 MSg0,unknown,unknown,1,False,R-L,unknown,50.0
5490.10,MSg48 MSg47 MSg379 MSg245 MSg245,unknown,unknown,1,False,R-L,unknown,0.0
5490.20,MSg307 MSg267,unknown,unknown,1,False,R-L,unknown,0.0
5490.30,MSg87 MSg328,unknown,unknown,1,False,R-L,unknown,0.0
5492.10,MSg0 MSg51 MSg130 MSg0,unknown,unknown,1,False,R-L,unknown,0.0
5492.20,MSg95 MSg0,unknown,unknown,1,False,R-L,unknown,0.0
5494.10,MSg177 MSg307 MSg284,unknown,unknown,1,False,R-L,unknown,0.0
5494.20,MSg67 MSg12,unknown,unknown,1,False,R-L,unknown,0.0
5495.10,MSg109 MSg245 MSg245,unknown,unknown,1,False,R-L,unknown,33.33
5495.20,MSg89 MSg328,unknown,unknown,1,False,R-L,unknown,0.0
5496.10,MSg72 MSg211,unknown,unknown,1,False,R-L,unknown,0.0
5496.20,MSg89 MSg328,unknown,unknown,1,False,R-L,unknown,0.0
5497.10,MSg336 MSg244 MSg193 MSg12 MSg176,unknown,unknown,1,False,R-L,unknown,0.0
5497.20,MSg95 MSg328,unknown,unknown,1,False,R-L,unknown,0.0
5498.10,MSg119 MSg87 MSg342 MSg176,unknown,unknown,1,False,R-L,unknown,0.0
5498.20,MSg87 MSg328,unknown,unknown,1,False,R-L,unknown,0.0
5499.10,MSg48 MSg342 MSg176,unknown,unknown,1,False,R-L,unknown,0.0
5499.20,MSg89 MSg328,unknown,unknown,1,False,R-L,unknown,0.0
5501.0,MSg217 MSg0,unknown,unknown,1,False,R-L,unknown,0.0
5504.0,MSg307,unknown,unknown,1,False,R-L,unknown,0.0
5505.0,MSg87 MSg155 MSg169,unknown,unknown,1,False,R-L,unknown,0.0
5506.0,MSg6 MSg97,unknown,unknown,1,False,R-L,unknown,0.0
5507.0,MSg267 MSg099 MSg87 MSg403 MSg72 MSg59 MSg0,unknown,unknown,1,False,R-L,unknown,14.29
5508.0,MSg267 MSg99 MSg194 MSg342,unknown,unknown,1,False,R-L,unknown,0.0
5510.1,MSg0 MSg018 MSg169,unknown,unknown,1,False,R-L,unknown,33.33
5510.2,MSg186 MSg17,unknown,unknown,1,False,R-L,unknown,0.0
5511.0,MSg102,unknown,unknown,1,False,R-L,unknown,0.0
5513.0,MSg102,unknown,unknown,1,False,R-L,unknown,100.0
5514.0,MSg100,unknown,unknown,1,False,R-L,unknown,0.0
5515.10,MSg102,unknown,unknown,1,False,R-L,unknown,0.0
5515.20,MSg0 MSg373 MSg12,unknown,unknown,1,False,R-L,unknown,0.0
5516.0,MSg0 MSg169 MSg342,unknown,unknown,1,False,R-L,unknown,0.0
5517.0,MSg102,unknown,unknown,1,False,R-L,unknown,0.0
5518.0,MSg287 MSg102 MSg134 MSg137,unknown,unknown,1,False,R-L,unknown,0.0
5519.0,MSg284 MSg277,unknown,unknown,1,False,R-L,unknown,0.0
5601.10,MSg137 MSg102 MSg169,unknown,unknown,1,False,R-L,unknown,66.67
5601.20,MSg182 MSg293 MSg342,unknown,unknown,1,False,R-L,unknown,0.0
6104.1,MSg345 MSg51,unknown,unknown,1,False,R-L,unknown,0.0
6104.2,MSg59 MSg127 MSg342,unknown,unknown,1,False,R-L,unknown,33.33
6108.1,MSg216 MSg123,unknown,unknown,1,False,R-L,unknown,0.0
6108.2,MSg65 MSg294 MSg176 MSg211 MSg93,unknown,unknown,1,False,R-L,unknown,20.0
6109.0,MSg328 MSg307,unknown,unknown,1,False,R-L,unknown,0.0
6111.0,MSg107 MSg17 MSg87 MSg391 MSg87,unknown,unknown,1,False,R-L,unknown,0.0
6112.1,MSg267 MSg99,unknown,unknown,1,False,R-L,unknown,0.0
6112.2,MSg67 MSg244 MSg342,unknown,unknown,1,False,R-L,unknown,0.0
6113.1,MSg234 MSg342 MSg343 MSg225 MSg87 MSg261,unknown,unknown,1,False,R-L,unknown,0.0
6113.2,MSg93,unknown,unknown,1,False,R-L,unknown,0.0
6114.0,MSg267 MSg99 MSg28,unknown,unknown,1,False,R-L,unknown,0.0
6115.1,MSg373 MSg162 MSg402,unknown,unknown,1,False,R-L,unknown,0.0
6115.2,MSg87 MSg162 MSg127,unknown,unknown,1,False,R-L,unknown,0.0
6116.1,MSg261 MSg134 MSg98 MSg99 MSg87 MSg60,unknown,unknown,1,False,R-L,unknown,0.0
6116.2,MSg100 MSg329 MSg028 MSg162,unknown,unknown,1,False,R-L,unknown,25.0
6118.1,MSg149,unknown,unknown,1,False,R-L,unknown,0.0
6118.2,MSg12 MSg93,unknown,unknown,1,False,R-L,unknown,0.0
6120.0,MSg150 MSg123 MSg228 MSg342,unknown,unknown,1,False,R-L,unknown,0.0
6121.0,MSg326 MSg342,unknown,unknown,1,False,R-L,unknown,0.0
6122.1,MSg8 MSg342,unknown,unknown,1,False,R-L,unknown,0.0
6122.2,MSg1,unknown,unknown,1,False,R-L,unknown,0.0
6123.0,MSg244 MSg162 MSg176 MSg401,unknown,unknown,1,False,R-L,unknown,0.0
6124.1,MSg267 MSg99 MSg65 MSg62 MSg342,unknown,unknown,1,False,R-L,unknown,0.0
6124.2,MSg93,unknown,unknown,1,False,R-L,unknown,0.0
6125.0,MSg95 MSg78 MSg402 MSg99 MSg9 MSg8 MSg342 MSg17 MSg407 MSg169,unknown,unknown,1,False,R-L,unknown,0.0
6126.0,MSg293 MSg123 MSg171 MSg59 MSg48 MSg0,unknown,unknown,1,False,R-L,unknown,0.0
6127.0,MSg67 MSg336 MSg89 MSg387 MSg72 MSg12,unknown,unknown,1,False,R-L,unknown,0.0
6128.0,MSg249 MSg169 MSg342,unknown,unknown,1,False,R-L,unknown,0.0
6129.0,MSg267 MSg99 MSg87 MSg59 MSg70 MSg342,unknown,unknown,1,False,R-L,unknown,0.0
6130.0,MSg351 MSg402 MSg98,unknown,unknown,1,False,R-L,unknown,0.0
6131.0,MSg139,unknown,unknown,1,False,R-L,unknown,0.0
6132.0,MSg343 MSg180 MSg99 MSg341 MSg17 MSg342,unknown,unknown,1,False,R-L,unknown,0.0
6133.0,MSg293 MSg123 MSg86 MSg250 MSg93 MSg404,unknown,unknown,1,False,R-L,unknown,0.0
6201.0,MSg307 MSg158 MSg343 MSg124 MSg342,unknown,unknown,1,False,R-L,unknown,20.0
6202.1,MSg65 MSg67 MSg342 MSg12,unknown,unknown,1,False,R-L,unknown,0.0
6202.2,MSg93,unknown,unknown,1,False,R-L,unknown,0.0
6203.1,MSg104 MSg149 MSg267 MSg99 MSg93,unknown,unknown,1,False,R-L,unknown,0.0
6203.2,MSg103 MSg403 MSg162,unknown,unknown,1,False,R-L,unknown,33.33
6204.1,MSg267 MSg99 MSg65 MSg62 MSg342,unknown,unknown,1,False,R-L,unknown,0.0
6204.2,MSg93,unknown,unknown,1,False,R-L,unknown,0.0
6205.1,MSg0 MSg62 MSg342 MSg1,unknown,unknown,1,False,R-L,unknown,0.0
6205.2,MSg212 MSg212 MSg267,unknown,unknown,1,False,R-L,unknown,0.0
6206.0,MSg267 MSg99 MSg387 MSg65 MSg211,unknown,unknown,1,False,R-L,unknown,0.0
6207.0,MSg267 MSg99 MSg53 MSg67 MSg336 MSg89 MSg211,unknown,unknown,1,False,R-L,unknown,0.0
6208.0,MSg391 MSg99 MSg0,unknown,unknown,1,False,R-L,unknown,0.0
6209.0,MSg69 MSg15,unknown,unknown,1,False,R-L,unknown,0.0
6210.0,MSg205 MSg373 MSg86 MSg373 MSg12,unknown,unknown,1,False,R-L,unknown,0.0
6211.0,MSg267 MSg99 MSg87 MSg60,unknown,unknown,1,False,R-L,unknown,0.0
6213.0,MSg86 MSg293 MSg176 MSg342,unknown,unknown,1,False,R-L,unknown,0.0
6214.0,MSg267 MSg99 MSg102 MSg162,unknown,unknown,1,False,R-L,unknown,0.0
6215.0,MSg67 MSg336 MSg89 MSg387 MSg59 MSg0,unknown,unknown,1,False,R-L,unknown,0.0
6216.0,MSg267 MSg99 MSg86 MSg216 MSg0,unknown,unknown,1,False,R-L,unknown,20.0
6217.0,MSg267 MSg99 MSg387 MSg72 MSg211,unknown,unknown,1,False,R-L,unknown,0.0
6218.1,MSg387 MSg375 MSg375 MSg342,unknown,unknown,1,False,R-L,unknown,25.0
6218.2,MSg93,unknown,unknown,1,False,R-L,unknown,0.0
6219.0,MSg267 MSg99 MSg87 MSg59 MSg67 MSg8 MSg0,unknown,unknown,1,False,R-L,unknown,0.0
6220.1,MSg293 MSg123 MSg98 MSg67 MSg060,unknown,unknown,1,False,R-L,unknown,20.0
6220.2,MSg17 MSg245 MSg249,unknown,unknown,1,False,R-L,unknown,0.0
6221.0,MSg353 MSg123 MSg87 MSg59 MSg0,unknown,unknown,1,False,R-L,unknown,0.0
6222.0,MSg293 MSg123 MSg343 MSg102 MSg190,unknown,unknown,1,False,R-L,unknown,0.0
6223.0,MSg341 MSg197 MSg123 MSg406 MSg162,unknown,unknown,1,False,R-L,unknown,0.0
6224.0,MSg267 MSg99 MSg87 MSg48 MSg342,unknown,unknown,1,False,R-L,unknown,0.0
6225.0,MSg121 MSg14,unknown,unknown,1,False,R-L,unknown,0.0
6226.0,MSg65 MSg135 MSg342,unknown,unknown,1,False,R-L,unknown,0.0
6227.0,MSg198 MSg302 MSg343 MSg72 MSg387 MSg342,unknown,unknown,1,False,R-L,unknown,0.0
6228.0,MSg67 MSg8 MSg342 MSg12,unknown,unknown,1,False,R-L,unknown,0.0
6229.0,MSg104 MSg149 MSg180 MSg99 MSg403 MSg87 MSg342,unknown,unknown,1,False,R-L,unknown,0.0
6230.0,MSg186 MSg293 MSg99 MSg109 MSg342,unknown,unknown,1,False,R-L,unknown,0.0
6231.0,MSg293 MSg123 MSg343 MSg86 MSg249 MSg162 MSg14,unknown,unknown,1,False,R-L,unknown,0.0
6232.0,MSg327 MSg254,unknown,unknown,1,False,R-L,unknown,0.0
6233.10,MSg0 MSg059 MSg387 MSg87 MSg59 MSg17 MSg406 MSg162 MSg93,unknown,unknown,1,False,R-L,unknown,11.11
6234.0,MSg86 MSg336 MSg321,unknown,unknown,1,False,R-L,unknown,0.0
6235.0,MSg169 MSg342,unknown,unknown,1,False,R-L,unknown,0.0
6301.0,MSg48 MSg342,unknown,unknown,1,False,R-L,unknown,0.0
6303.0,MSg214,unknown,unknown,1,False,R-L,unknown,0.0
6304.0,MSg51 MSg155 MSg211,unknown,unknown,1,False,R-L,unknown,0.0
6305.1,MSg121 MSg342,unknown,unknown,1,False,R-L,unknown,0.0
6305.2,MSg374,unknown,unknown,1,False,R-L,unknown,0.0
6306.10,MSg109 MSg59 MSg367 MSg380 MSg314 MSg106 MSg18 MSg162,unknown,unknown,1,False,R-L,unknown,0.0
6306.20,MSg129 MSg287 MSg86 MSg65 MSg67 MSg403 MSg87 MSg342,unknown,unknown,1,False,R-L,unknown,12.5
6402.1,MSg0 MSg327 MSg89 MSg381 MSg28 MSg175,unknown,unknown,1,False,R-L,unknown,0.0
6402.2,MSg180 MSg99,unknown,unknown,1,False,R-L,unknown,0.0
6402.3,MSg29 MSg267,unknown,unknown,1,False,R-L,unknown,0.0
6403.1,MSg87 MSg244 MSg403 MSg180 MSg99,unknown,unknown,1,False,R-L,unknown,0.0
6403.2,MSg87 MSg326 MSg342 MSg93,unknown,unknown,1,False,R-L,unknown,0.0
6405.0,MSg51 MSg177,unknown,unknown,1,False,R-L,unknown,50.0
7001.0,MSg126 MSg87 MSg373 MSg328 MSg162,unknown,unknown,1,False,R-L,unknown,20.0
7002.0,MSg104 MSg15,unknown,unknown,1,False,R-L,unknown,0.0
7004.0,MSg226 MSg254,unknown,unknown,1,False,R-L,unknown,0.0
7005.0,MSg267 MSg402 MSg99 MSg124 MSg162,unknown,unknown,1,False,R-L,unknown,0.0
7006.0,MSg248 MSg406 MSg169,unknown,unknown,1,False,R-L,unknown,0.0
7007.0,MSg246 MSg407 MSg169,unknown,unknown,1,False,R-L,unknown,0.0
7008.0,MSg267 MSg099 MSg387 MSg0,unknown,unknown,1,False,R-L,unknown,50.0
7009.0,MSg204 MSg230 MSg67 MSg72 MSg336 MSg89 MSg211,unknown,unknown,1,False,R-L,unknown,0.0
7011.0,MSg216 MSg254,unknown,unknown,1,False,R-L,unknown,0.0
7013.0,MSg293 MSg123 MSg387 MSg87 MSg59 MSg294 MSg249 MSg169 MSg342,unknown,unknown,1,False,R-L,unknown,0.0
7015.0,MSg18 MSg381 MSg99 MSg72 MSg216 MSg254,unknown,unknown,1,False,R-L,unknown,0.0
7016.0,MSg194 MSg194 MSg0,unknown,unknown,1,False,R-L,unknown,0.0
7017.0,MSg293 MSg77 MSg245 MSg126 MSg97 MSg106 MSg169,unknown,unknown,1,False,R-L,unknown,0.0
7018.0,MSg0 MSg112 MSg197 MSg342,unknown,unknown,1,False,R-L,unknown,25.0
7019.0,MSg294 MSg17 MSg0,unknown,unknown,1,False,R-L,unknown,0.0
7020.0,MSg249 MSg214 MSg97 MSg258 MSg347 MSg342,unknown,unknown,1,False,R-L,unknown,0.0
7021.0,MSg99 MSg380 MSg123 MSg87 MSg59 MSg72 MSg403 MSg87 MSg342,unknown,unknown,1,False,R-L,unknown,11.11
7022.0,MSg65 MSg222 MSg254,unknown,unknown,1,False,R-L,unknown,33.33
7023.0,MSg150 MSg123 MSg048 MSg342 MSg176,unknown,unknown,1,False,R-L,unknown,60.0
7024.0,MSg320 MSg32 MSg123 MSg67 MSg53 MSg342,unknown,unknown,1,False,R-L,unknown,0.0
7025.1,MSg162 MSg343 MSg87 MSg60,unknown,unknown,1,False,R-L,unknown,0.0
7025.2,MSg141 MSg272,unknown,unknown,1,False,R-L,unknown,0.0
7026.0,MSg267 MSg99 MSg364 MSg51 MSg130 MSg336 MSg249 MSg0,unknown,unknown,1,False,R-L,unknown,12.5
7027.0,MSg256 MSg391,unknown,unknown,1,False,R-L,unknown,0.0
7028.0,MSg244 MSg343 MSg72 MSg66 MSg127 MSg168,unknown,unknown,1,False,R-L,unknown,0.0
7029.0,MSg216 MSg342,unknown,unknown,1,False,R-L,unknown,0.0
7030.0,MSg0 MSg347 MSg342,unknown,unknown,1,False,R-L,unknown,0.0
7031.0,MSg18 MSg162 MSg123 MSg72 MSg216 MSg254 MSg97 MSg175,unknown,unknown,1,False,R-L,unknown,0.0
7032.0,MSg17 MSg169 MSg123 MSg102 MSg190,unknown,unknown,1,False,R-L,unknown,0.0
7034.0,MSg0 MSg041 MSg304 MSg167 MSg169,unknown,unknown,1,False,R-L,unknown,40.0
7035.0,MSg103 MSg403 MSg342,unknown,unknown,1,False,R-L,unknown,0.0
7036.0,MSg0 MSg17 MSg109 MSg162,unknown,unknown,1,False,R-L,unknown,0.0
7038.0,MSg391 MSg99 MSg87 MSg59 MSg073,unknown,unknown,1,False,R-L,unknown,20.0
7039.0,MSg17 MSg267 MSg342,unknown,unknown,1,False,R-L,unknown,0.0
7040.0,MSg106 MSg15,unknown,unknown,1,False,R-L,unknown,0.0
7042.0,MSg286 MSg99 MSg47 MSg347 MSg342,unknown,unknown,1,False,R-L,unknown,0.0
7043.0,MSg65 MSg135 MSg342,unknown,unknown,1,False,R-L,unknown,0.0
7044.1,MSg173 MSg98 MSg150 MSg233 MSg99 MSg0,unknown,unknown,1,False,R-L,unknown,0.0
7044.2,MSg217 MSg347 MSg342,unknown,unknown,1,False,R-L,unknown,0.0
7045.0,MSg293 MSg123 MSg343 MSg249 MSg169 MSg342,unknown,unknown,1,False,R-L,unknown,0.0
7046.0,MSg373 MSg8 MSg342,unknown,unknown,1,False,R-L,unknown,66.67
7047.0,MSg391 MSg123 MSg25 MSg15,unknown,unknown,1,False,R-L,unknown,0.0
7048.10,MSg103,unknown,unknown,1,False,R-L,unknown,0.0
7048.20,MSg158,unknown,unknown,1,False,R-L,unknown,0.0
7048.30,MSg409,unknown,unknown,1,False,R-L,unknown,0.0
7048.40,MSg59,unknown,unknown,1,False,R-L,unknown,0.0
7048.50,MSg0 MSg386 MSg186 MSg87 MSg59 MSg294 MSg342,unknown,unknown,1,False,R-L,unknown,0.0
7049.0,MSg162 MSg249 MSg12,unknown,unknown,1,False,R-L,unknown,0.0
7050.0,MSg0 MSg342 MSg001,unknown,unknown,1,False,R-L,unknown,66.67
7053.0,MSg67 MSg8 MSg12,unknown,unknown,1,False,R-L,unknown,0.0
7054.0,MSg267 MSg99 MSg102 MSg0,unknown,unknown,1,False,R-L,unknown,0.0
7055.10,MSg065 MSg072 MSg342 MSg223,unknown,unknown,1,False,R-L,unknown,50.0
7056.0,MSg65 MSg67 MSg294 MSg342,unknown,unknown,1,False,R-L,unknown,0.0
7057.0,MSg65 MSg72 MSg222 MSg254,unknown,unknown,1,False,R-L,unknown,0.0
7062.0,MSg267 MSg99 MSg375 MSg51 MSg155 MSg211,unknown,unknown,1,False,R-L,unknown,16.67
7063.0,MSg400 MSg344 MSg102 MSg169,unknown,unknown,1,False,R-L,unknown,0.0
7064.0,MSg0 MSg391 MSg252 MSg97 MSg339,unknown,unknown,1,False,R-L,unknown,0.0
7065.0,MSg402 MSg121 MSg121 MSg336 MSg197,unknown,unknown,1,False,R-L,unknown,0.0
7066.0,MSg267 MSg99 MSg72 MSg342 MSg1,unknown,unknown,1,False,R-L,unknown,0.0
7068.0,MSg391 MSg99 MSg67 MSg389 MSg342,unknown,unknown,1,False,R-L,unknown,20.0
7069.0,MSg391 MSg123 MSg128 MSg342 MSg216 MSg254,unknown,unknown,1,False,R-L,unknown,0.0
7070.0,MSg048 MSg065,unknown,unknown,1,False,R-L,unknown,100.0
7072.0,MSg107 MSg169,unknown,unknown,1,False,R-L,unknown,0.0
7073.0,MSg0 MSg99 MSg32 MSg0,unknown,unknown,1,False,R-L,unknown,0.0
7074.0,MSg120 MSg53 MSg99 MSg54 MSg254,unknown,unknown,1,False,R-L,unknown,20.0
7075.0,MSg373 MSg373,unknown,unknown,1,False,R-L,unknown,0.0
7076.0,MSg0 MSg72 MSg342 MSg51 MSg1,unknown,unknown,1,False,R-L,unknown,0.0
7077.0,MSg204 MSg245 MSg342 MSg1,unknown,unknown,1,False,R-L,unknown,0.0
7078.0,MSg205 MSg104 MSg162,unknown,unknown,1,False,R-L,unknown,0.0
7080.0,MSg86 MSg197 MSg99 MSg65 MSg8 MSg342 MSg1,unknown,unknown,1,False,R-L,unknown,0.0
7081.0,MSg361 MSg169 MSg402 MSg123 MSg98 MSg102 MSg190,unknown,unknown,1,False,R-L,unknown,0.0
7082.0,MSg153 MSg153 MSg171 MSg59 MSg211,unknown,unknown,1,False,R-L,unknown,0.0
7085.0,MSg326 MSg341 MSg336 MSg214,unknown,unknown,1,False,R-L,unknown,25.0
7086.0,MSg100 MSg47 MSg99 MSg98 MSg173,unknown,unknown,1,False,R-L,unknown,0.0
7088.0,MSg267 MSg99 MSg70 MSg348 MSg342,unknown,unknown,1,False,R-L,unknown,0.0
7089.0,MSg0 MSg96 MSg19 MSg99 MSg174 MSg230 MSg53 MSg342,unknown,unknown,1,False,R-L,unknown,12.5
7090.0,MSg267 MSg99 MSg65 MSg222 MSg254,unknown,unknown,1,False,R-L,unknown,0.0
7092.0,MSg0 MSg389 MSg53 MSg0,unknown,unknown,1,False,R-L,unknown,0.0
7093.0,MSg0 MSg415 MSg342,unknown,unknown,1,False,R-L,unknown,0.0
7094.0,MSg258 MSg347 MSg342 MSg98 MSg141,unknown,unknown,1,False,R-L,unknown,0.0
7095.0,MSg267 MSg99 MSg375,unknown,unknown,1,False,R-L,unknown,0.0
7096.0,MSg391 MSg99 MSg86 MSg171,unknown,unknown,1,False,R-L,unknown,0.0
7097.0,MSg403 MSg87 MSg342,unknown,unknown,1,False,R-L,unknown,0.0
7098.0,MSg219,unknown,unknown,1,False,R-L,unknown,0.0
7099.10,MSg197 MSg86 MSg123,unknown,unknown,1,False,R-L,unknown,0.0
7099.20,MSg197 MSg86 MSg123 MSg0,unknown,unknown,1,False,R-L,unknown,0.0
7100.0,MSg292 MSg342,unknown,unknown,1,False,R-L,unknown,0.0
7101.0,MSg72 MSg48 MSg342,unknown,unknown,1,False,R-L,unknown,0.0
7102.0,MSg247 MSg267 MSg99 MSg186 MSg211,unknown,unknown,1,False,R-L,unknown,0.0
7103.0,MSg267 MSg99 MSg67 MSg0,unknown,unknown,1,False,R-L,unknown,0.0
7104.0,MSg0 MSg112 MSg342,unknown,unknown,1,False,R-L,unknown,0.0
7105.0,MSg389 MSg70 MSg99 MSg287 MSg59,unknown,unknown,1,False,R-L,unknown,0.0
7106.0,MSg72 MSg48 MSg342,unknown,unknown,1,False,R-L,unknown,0.0
7107.0,MSg162 MSg267 MSg99 MSg48 MSg342 MSg59 MSg327 MSg254,unknown,unknown,1,False,R-L,unknown,0.0
7111.0,MSg284 MSg99 MSg173,unknown,unknown,1,False,R-L,unknown,0.0
7112.0,MSg267 MSg99 MSg113,unknown,unknown,1,False,R-L,unknown,0.0
7201.10,MSg169 MSg169 MSg169 MSg1,unknown,unknown,1,False,R-L,unknown,0.0
7201.20,MSg0 MSg294 MSg342,unknown,unknown,1,False,R-L,unknown,0.0
7202.0,MSg32 MSg249 MSg186,unknown,unknown,1,False,R-L,unknown,0.0
7203.0,MSg267 MSg99 MSg113 MSg342,unknown,unknown,1,False,R-L,unknown,0.0
7204.0,MSg150 MSg123 MSg105 MSg17 MSg169,unknown,unknown,1,False,R-L,unknown,0.0
7205.0,MSg267 MSg99 MSg113 MSg342,unknown,unknown,1,False,R-L,unknown,0.0
7206.0,MSg267 MSg99 MSg113 MSg342,unknown,unknown,1,False,R-L,unknown,0.0
7207.0,MSg293 MSg403 MSg402 MSg99 MSg65 MSg0,unknown,unknown,1,False,R-L,unknown,16.67
7209.0,MSg0 MSg378 MSg0,unknown,unknown,1,False,R-L,unknown,0.0
7211.0,MSg0 MSg258 MSg347 MSg342,unknown,unknown,1,False,R-L,unknown,0.0
7212.0,MSg0 MSg209 MSg343 MSg98 MSg121 MSg59 MSg0,unknown,unknown,1,False,R-L,unknown,0.0
7213.0,MSg0 MSg66,unknown,unknown,1,False,R-L,unknown,0.0
7214.0,MSg267 MSg99 MSg155 MSg211,unknown,unknown,1,False,R-L,unknown,25.0
7215.10,MSg336 MSg209 MSg343 MSg98 MSg121 MSg0,unknown,unknown,1,False,R-L,unknown,0.0
7215.20,MSg286 MSg99 MSg87 MSg249 MSg162 MSg342,unknown,unknown,1,False,R-L,unknown,0.0
7216.0,MSg0 MSg99 MSg258 MSg347 MSg342,unknown,unknown,1,False,R-L,unknown,0.0
7217.10,MSg0 MSg258 MSg347 MSg342,unknown,unknown,1,False,R-L,unknown,0.0
7217.20,MSg267 MSg99 MSg0,unknown,unknown,1,False,R-L,unknown,0.0
7217.30,MSg0 MSg59 MSg342 MSg1,unknown,unknown,1,False,R-L,unknown,0.0
7217.40,MSg286 MSg99 MSg0,unknown,unknown,1,False,R-L,unknown,0.0
7218.10,MSg0 MSg89 MSg358 MSg342,unknown,unknown,1,False,R-L,unknown,0.0
7218.20,MSg0 MSg99 MSg387 MSg53 MSg342,unknown,unknown,1,False,R-L,unknown,0.0
7219.10,MSg245 MSg245 MSg99 MSg67 MSg0,unknown,unknown,1,False,R-L,unknown,0.0
7219.20,MSg186 MSg293 MSg99 MSg0,unknown,unknown,1,False,R-L,unknown,0.0
7220.0,MSg245 MSg245 MSg99 MSg67 MSg72 MSg59 MSg211,unknown,unknown,1,False,R-L,unknown,0.0
7221.0,MSg0 MSg209 MSg343 MSg0,unknown,unknown,1,False,R-L,unknown,0.0
7222.0,MSg100 MSg17 MSg0,unknown,unknown,1,False,R-L,unknown,0.0
7223.0,MSg286 MSg99 MSg87 MSg249 MSg162 MSg0,unknown,unknown,1,False,R-L,unknown,0.0
7224.0,MSg336 MSg209 MSg343 MSg98 MSg121 MSg59 MSg342 MSg1,unknown,unknown,1,False,R-L,unknown,12.5
7225.0,MSg245 MSg245 MSg99 MSg0,unknown,unknown,1,False,R-L,unknown,0.0
7227.10,MSg336 MSg209 MSg0,unknown,unknown,1,False,R-L,unknown,0.0
7227.20,MSg327 MSg343 MSg0 MSg081 MSg0,unknown,unknown,1,False,R-L,unknown,20.0
7227.30,MSg0,unknown,unknown,1,False,R-L,unknown,0.0
7228.0,MSg267 MSg99 MSg113 MSg342,unknown,unknown,1,False,R-L,unknown,0.0
7229.0,MSg267 MSg99 MSg0,unknown,unknown,1,False,R-L,unknown,0.0
7230.0,MSg267 MSg99 MSg113 MSg342,unknown,unknown,1,False,R-L,unknown,0.0
7231.0,MSg267 MSg99 MSg113 MSg342,unknown,unknown,1,False,R-L,unknown,0.0
7232.0,MSg267 MSg99 MSg113 MSg342,unknown,unknown,1,False,R-L,unknown,0.0
7233.0,MSg267 MSg99 MSg113 MSg342,unknown,unknown,1,False,R-L,unknown,0.0
7234.0,MSg267 MSg99 MSg113 MSg342,unknown,unknown,1,False,R-L,unknown,0.0
7235.0,MSg267 MSg99 MSg113 MSg0,unknown,unknown,1,False,R-L,unknown,25.0
7236.10,MSg336 MSg209 MSg343 MSg98 MSg121 MSg59 MSg342 MSg1,unknown,unknown,1,False,R-L,unknown,0.0
7236.20,MSg186 MSg293 MSg99 MSg0,unknown,unknown,1,False,R-L,unknown,0.0
7236.30,MSg286 MSg99 MSg0,unknown,unknown,1,False,R-L,unknown,0.0
7237.10,MSg336 MSg209 MSg0,unknown,unknown,1,False,R-L,unknown,0.0
7237.20,MSg0 MSg87 MSg249 MSg0,unknown,unknown,1,False,R-L,unknown,0.0
7238.0,MSg328 MSg299 MSg245 MSg245 MSg0,unknown,unknown,1,False,R-L,unknown,0.0
7239.0,MSg0 MSg209 MSg343 MSg98 MSg121 MSg59 MSg342 MSg1,unknown,unknown,1,False,R-L,unknown,12.5
7240.0,MSg100 MSg17 MSg8 MSg342,unknown,unknown,1,False,R-L,unknown,0.0
7241.0,MSg336 MSg209 MSg343 MSg98 MSg121 MSg059 MSg0,unknown,unknown,1,False,R-L,unknown,14.29
7242.0,MSg0 MSg209 MSg343 MSg98 MSg121 MSg59 MSg342 MSg1,unknown,unknown,1,False,R-L,unknown,0.0
7243.0,MSg293 MSg123 MSg104 MSg59 MSg327 MSg342,unknown,unknown,1,False,R-L,unknown,33.33
7244.0,MSg204 MSg245 MSg358 MSg342 MSg12,unknown,unknown,1,False,R-L,unknown,0.0
7245.0,MSg267 MSg99 MSg0,unknown,unknown,1,False,R-L,unknown,0.0
7246.0,MSg0 MSg67 MSg72 MSg211,unknown,unknown,1,False,R-L,unknown,0.0
7247.10,MSg150 MSg123 MSg67 MSg72 MSg211,unknown,unknown,1,False,R-L,unknown,0.0
7247.20,MSg245 MSg245 MSg99 MSg67 MSg0,unknown,unknown,1,False,R-L,unknown,0.0
7248.10,MSg286 MSg99 MSg87 MSg249 MSg162 MSg0,unknown,unknown,1,False,R-L,unknown,0.0
7248.20,MSg267 MSg99 MSg0,unknown,unknown,1,False,R-L,unknown,0.0
7249.10,MSg336 MSg209 MSg343 MSg98 MSg121 MSg59 MSg342 MSg1,unknown,unknown,1,False,R-L,unknown,0.0
7249.20,MSg267 MSg99 MSg66,unknown,unknown,1,False,R-L,unknown,0.0
7251.10,MSg186 MSg293 MSg99 MSg0,unknown,unknown,1,False,R-L,unknown,0.0
7251.20,MSg267 MSg99 MSg66,unknown,unknown,1,False,R-L,unknown,0.0
7252.0,MSg245 MSg245 MSg99 MSg67 MSg72 MSg59 MSg211,unknown,unknown,1,False,R-L,unknown,0.0
7253.10,MSg336 MSg209 MSg343 MSg98 MSg121 MSg59 MSg342 MSg1,unknown,unknown,1,False,R-L,unknown,0.0
7253.20,MSg0 MSg28,unknown,unknown,1,False,R-L,unknown,0.0
7253.30,MSg286 MSg99 MSg0,unknown,unknown,1,False,R-L,unknown,0.0
7255.0,MSg267 MSg99 MSg66,unknown,unknown,1,False,R-L,unknown,0.0
7257.0,MSg391 MSg99 MSg155 MSg211,unknown,unknown,1,False,R-L,unknown,25.0
7258.10,MSg186 MSg293 MSg99 MSg258 MSg347 MSg342,unknown,unknown,1,False,R-L,unknown,16.67
7258.20,MSg336 MSg209 MSg343 MSg98 MSg121 MSg0,unknown,unknown,1,False,R-L,unknown,0.0
7259.0,MSg65 MSg70 MSg0,unknown,unknown,1,False,R-L,unknown,0.0
7260.0,MSg343 MSg237 MSg81,unknown,unknown,1,False,R-L,unknown,33.33
7261.0,MSg17 MSg81 MSg99 MSg121 MSg53 MSg342,unknown,unknown,1,False,R-L,unknown,16.67
7262.10,MSg0 MSg99 MSg41 MSg249 MSg0,unknown,unknown,1,False,R-L,unknown,0.0
7262.20,MSg0 MSg99 MSg41 MSg249 MSg0,unknown,unknown,1,False,R-L,unknown,0.0
7263.10,MSg0 MSg67 MSg0,unknown,unknown,1,False,R-L,unknown,0.0
7263.20,MSg150 MSg123 MSg67 MSg0,unknown,unknown,1,False,R-L,unknown,0.0
7265.0,MSg336 MSg209 MSg343 MSg98 MSg121 MSg59 MSg342 MSg1,unknown,unknown,1,False,R-L,unknown,0.0
7266.0,MSg336 MSg028 MSg0,unknown,unknown,1,False,R-L,unknown,33.33
7267.10,MSg72 MSg249 MSg169 MSg342,unknown,unknown,1,False,R-L,unknown,50.0
7267.20,MSg267 MSg99 MSg66,unknown,unknown,1,False,R-L,unknown,0.0
7268.0,MSg286 MSg99 MSg0,unknown,unknown,1,False,R-L,unknown,0.0
7269.0,MSg267 MSg99 MSg66,unknown,unknown,1,False,R-L,unknown,0.0
7270.0,MSg391 MSg123 MSg65 MSg0,unknown,unknown,1,False,R-L,unknown,0.0
7271.0,MSg389 MSg0,unknown,unknown,1,False,R-L,unknown,0.0
7272.0,MSg0 MSg53 MSg342,unknown,unknown,1,False,R-L,unknown,0.0
7273.0,MSg0 MSg171 MSg60,unknown,unknown,1,False,R-L,unknown,0.0
7274.0,MSg59 MSg28 MSg336 MSg182,unknown,unknown,1,False,R-L,unknown,0.0
7275.0,MSg0 MSg197 MSg252,unknown,unknown,1,False,R-L,unknown,0.0
7277.10,MSg402 MSg99 MSg70 MSg8 MSg342,unknown,unknown,1,False,R-L,unknown,0.0
7277.20,MSg0 MSg99 MSg59 MSg59 MSg327 MSg342,unknown,unknown,1,False,R-L,unknown,0.0
7277.30,MSg0 MSg343 MSg67 MSg192 MSg347 MSg342,unknown,unknown,1,False,R-L,unknown,16.67
7278.0,MSg267 MSg99 MSg86 MSg5,unknown,unknown,1,False,R-L,unknown,0.0
7279.0,MSg336 MSg89 MSg211,unknown,unknown,1,False,R-L,unknown,0.0
7280.0,MSg0 MSg249 MSg328 MSg86 MSg217 MSg342,unknown,unknown,1,False,R-L,unknown,0.0
7281.10,MSg0,unknown,unknown,1,False,R-L,unknown,0.0
7281.20,MSg391 MSg0 MSg135 MSg342,unknown,unknown,1,False,R-L,unknown,0.0
7282.0,MSg197 MSg86 MSg59 MSg123 MSg87 MSg60 MSg72 MSg0,unknown,unknown,1,False,R-L,unknown,0.0
7283.10,MSg293 MSg123 MSg343 MSg65 MSg51 MSg130 MSg149 MSg0,unknown,unknown,1,False,R-L,unknown,25.0
7283.20,MSg293 MSg123 MSg343 MSg0,unknown,unknown,1,False,R-L,unknown,25.0
7301.0,MSg209 MSg169 MSg0 MSg259 MSg347 MSg0,unknown,unknown,1,False,R-L,unknown,16.67
8001.0,MSg149 MSg342,unknown,unknown,1,False,R-L,unknown,0.0
8002.0,MSg303 MSg121,unknown,unknown,1,False,R-L,unknown,0.0
8003.0,MSg51 MSg302,unknown,unknown,1,False,R-L,unknown,0.0
8004.0,MSg216 MSg98 MSg319 MSg342,unknown,unknown,1,False,R-L,unknown,0.0
8006.0,MSg402 MSg99 MSg249 MSg267 MSg402 MSg99 MSg51 MSg130 MSg149 MSg342,unknown,unknown,1,False,R-L,unknown,0.0
8007.0,MSg175 MSg341 MSg342,unknown,unknown,1,False,R-L,unknown,0.0
8008.0,MSg89 MSg89 MSg12 MSg274,unknown,unknown,1,False,R-L,unknown,0.0
8009.0,MSg87 MSg244 MSg206 MSg86,unknown,unknown,1,False,R-L,unknown,0.0
8011.1,MSg249 MSg162,unknown,unknown,1,False,R-L,unknown,0.0
8011.2,MSg402,unknown,unknown,1,False,R-L,unknown,0.0
8012.1,MSg244 MSg330 MSg343 MSg0,unknown,unknown,1,False,R-L,unknown,0.0
8012.2,MSg267 MSg94,unknown,unknown,1,False,R-L,unknown,0.0
8013.0,MSg119 MSg12,unknown,unknown,1,False,R-L,unknown,0.0
8015.1,MSg0 MSg109 MSg176,unknown,unknown,1,False,R-L,unknown,0.0
8015.2,MSg0 MSg376 MSg375,unknown,unknown,1,False,R-L,unknown,0.0
8016.0,MSg307 MSg86 MSg99 MSg98 MSg107,unknown,unknown,1,False,R-L,unknown,0.0
8017.0,MSg28 MSg343 MSg387 MSg67 MSg72 MSg211,unknown,unknown,1,False,R-L,unknown,0.0
8018.0,MSg92 MSg99 MSg0,unknown,unknown,1,False,R-L,unknown,0.0
8019.0,MSg0 MSg99 MSg112 MSg194 MSg342,unknown,unknown,1,False,R-L,unknown,0.0
8020.1,MSg216 MSg391 MSg267 MSg402,unknown,unknown,1,False,R-L,unknown,0.0
8020.2,MSg341 MSg342 MSg242,unknown,unknown,1,False,R-L,unknown,0.0
8021.0,MSg287 MSg102 MSg59 MSg342 MSg1,unknown,unknown,1,False,R-L,unknown,0.0
8022.0,MSg267 MSg99,unknown,unknown,1,False,R-L,unknown,0.0
8023.0,MSg387 MSg72 MSg48 MSg342,unknown,unknown,1,False,R-L,unknown,0.0
8024.0,MSg102 MSg169,unknown,unknown,1,False,R-L,unknown,0.0
8025.0,MSg267 MSg99 MSg73,unknown,unknown,1,False,R-L,unknown,0.0
8026.0,MSg293 MSg123 MSg343 MSg100 MSg17 MSg81 MSg89 MSg89,unknown,unknown,1,False,R-L,unknown,0.0
8027.0,MSg228 MSg342,unknown,unknown,1,False,R-L,unknown,0.0
8029.0,MSg89 MSg391 MSg99 MSg127 MSg127 MSg342,unknown,unknown,1,False,R-L,unknown,0.0
8030.0,MSg0 MSg342 MSg1,unknown,unknown,1,False,R-L,unknown,0.0
8031.0,MSg104 MSg162,unknown,unknown,1,False,R-L,unknown,0.0
8033.0,MSg171 MSg99 MSg278,unknown,unknown,1,False,R-L,unknown,0.0
8034.0,MSg287 MSg373 MSg171 MSg341 MSg342,unknown,unknown,1,False,R-L,unknown,0.0
8035.0,MSg0 MSg112 MSg342 MSg1,unknown,unknown,1,False,R-L,unknown,25.0
8036.0,MSg0 MSg232,unknown,unknown,1,False,R-L,unknown,0.0
8037.0,MSg160 MSg22 MSg125 MSg59 MSg99 MSg70 MSg211,unknown,unknown,1,False,R-L,unknown,0.0
8038.0,MSg205 MSg395 MSg99 MSg192 MSg343 MSg167 MSg127,unknown,unknown,1,False,R-L,unknown,0.0
8039.0,MSg344 MSg217 MSg344 MSg103 MSg403 MSg347 MSg342,unknown,unknown,1,False,R-L,unknown,0.0
8040.0,MSg17 MSg230 MSg99 MSg356 MSg180,unknown,unknown,1,False,R-L,unknown,0.0
8041.0,MSg102 MSg59 MSg342 MSg012,unknown,unknown,1,False,R-L,unknown,25.0
8042.0,MSg59,unknown,unknown,1,False,R-L,unknown,0.0
8043.0,MSg343 MSg229 MSg233 MSg59 MSg97 MSg389 MSg48 MSg17 MSg342,unknown,unknown,1,False,R-L,unknown,0.0
8044.1,MSg391 MSg123,unknown,unknown,1,False,R-L,unknown,0.0
8044.2,MSg67 MSg342 MSg1,unknown,unknown,1,False,R-L,unknown,0.0
8045.0,MSg0 MSg180 MSg99 MSg48 MSg193 MSg342,unknown,unknown,1,False,R-L,unknown,0.0
8047.0,MSg417 MSg12,unknown,unknown,1,False,R-L,unknown,0.0
8048.0,MSg70 MSg211,unknown,unknown,1,False,R-L,unknown,0.0
8050.0,MSg391 MSg99 MSg102 MSg012,unknown,unknown,1,False,R-L,unknown,25.0
8051.0,MSg244 MSg343 MSg112 MSg194 MSg342,unknown,unknown,1,False,R-L,unknown,0.0
8052.0,MSg59,unknown,unknown,1,False,R-L,unknown,0.0
8053.0,MSg0 MSg59 MSg0,unknown,unknown,1,False,R-L,unknown,0.0
8054.0,MSg84 MSg127 MSg343 MSg163,unknown,unknown,1,False,R-L,unknown,0.0
8055.0,MSg204 MSg367 MSg342 MSg176,unknown,unknown,1,False,R-L,unknown,0.0
8056.1,MSg192 MSg59 MSg370 MSg308 MSg175 MSg214 MSg342 MSg176,unknown,unknown,1,False,R-L,unknown,0.0
8056.2,MSg287 MSg324 MSg324 MSg287 MSg282,unknown,unknown,1,False,R-L,unknown,0.0
8058.0,MSg106 MSg169,unknown,unknown,1,False,R-L,unknown,0.0
8059.0,MSg89 MSg2 MSg162,unknown,unknown,1,False,R-L,unknown,0.0
8060.0,MSg0 MSg180 MSg99 MSg175 MSg230 MSg0,unknown,unknown,1,False,R-L,unknown,0.0
8061.0,MSg124 MSg12,unknown,unknown,1,False,R-L,unknown,0.0
8062.0,MSg391 MSg99 MSg87 MSg59 MSg70 MSg194 MSg342,unknown,unknown,1,False,R-L,unknown,0.0
8071.1,MSg326,unknown,unknown,1,False,R-L,unknown,0.0
8071.2,MSg342,unknown,unknown,1,False,R-L,unknown,100.0
8072.0,MSg341 MSg127 MSg373 MSg373 MSg267 MSg94 MSg347,unknown,unknown,1,False,R-L,unknown,0.0
8101.10,MSg375 MSg202 MSg99 MSg201 MSg342 MSg1,unknown,unknown,1,False,R-L,unknown,0.0
8101.20,MSg391 MSg99 MSg59 MSg336 MSg89 MSg211,unknown,unknown,1,False,R-L,unknown,33.33
8101.30,MSg0 MSg162 MSg252 MSg99 MSg175 MSg86 MSg0,unknown,unknown,1,False,R-L,unknown,0.0
8101.40,MSg0 MSg32 MSg205 MSg336 MSg0,unknown,unknown,1,False,R-L,unknown,20.0
8102.0,MSg327 MSg0 MSg211,unknown,unknown,1,False,R-L,unknown,33.33
8103.0,MSg0 MSg244 MSg176,unknown,unknown,1,False,R-L,unknown,0.0
8104.10,MSg391 MSg99 MSg162 MSg267 MSg342,unknown,unknown,1,False,R-L,unknown,0.0
8105.0,MSg0 MSg53 MSg87 MSg341 MSg171 MSg8 MSg342,unknown,unknown,1,False,R-L,unknown,0.0
8106.10,MSg267 MSg99 MSg104 MSg169,unknown,unknown,1,False,R-L,unknown,25.0
8108.0,MSg1 MSg1 MSg121 MSg121 MSg99 MSg172 MSg304 MSg307,unknown,unknown,1,False,R-L,unknown,0.0
8109.0,MSg1 MSg1 MSg121 MSg121 MSg99 MSg172 MSg304 MSg307,unknown,unknown,1,False,R-L,unknown,0.0
8110.0,MSg1 MSg1 MSg121 MSg121 MSg99 MSg172 MSg304 MSg307,unknown,unknown,1,False,R-L,unknown,0.0
8111.0,MSg1 MSg1 MSg121 MSg121 MSg99 MSg172 MSg304 MSg307,unknown,unknown,1,False,R-L,unknown,0.0
8112.0,MSg1 MSg1 MSg121 MSg121 MSg99 MSg172 MSg304 MSg307,unknown,unknown,1,False,R-L,unknown,0.0
8113.0,MSg1 MSg1 MSg121 MSg121 MSg99 MSg172 MSg304 MSg307,unknown,unknown,1,False,R-L,unknown,0.0
8114.10,MSg216 MSg0 MSg87 MSg053 MSg0,unknown,unknown,1,False,R-L,unknown,20.0
8114.20,MSg0,unknown,unknown,1,False,R-L,unknown,0.0
8114.30,MSg0,unknown,unknown,1,False,R-L,unknown,0.0
8115.0,MSg1 MSg1 MSg121 MSg121 MSg99 MSg172 MSg304 MSg307,unknown,unknown,1,False,R-L,unknown,0.0
8116.10,MSg0 MSg342,unknown,unknown,1,False,R-L,unknown,0.0
8116.20,MSg267 MSg99 MSg0 MSg373 MSg287 MSg342,unknown,unknown,1,False,R-L,unknown,0.0
8117.10,MSg76 MSg342 MSg176,unknown,unknown,1,False,R-L,unknown,0.0
8117.20,MSg87 MSg328,unknown,unknown,1,False,R-L,unknown,0.0
8118.10,MSg048 MSg342 MSg176,unknown,unknown,1,False,R-L,unknown,33.33
8118.20,MSg89 MSg0,unknown,unknown,1,False,R-L,unknown,0.0
8119.10,MSg267 MSg99 MSg175 MSg230 MSg53 MSg342,unknown,unknown,1,False,R-L,unknown,0.0
8119.20,MSg267 MSg99 MSg175 MSg230 MSg053 MSg342,unknown,unknown,1,False,R-L,unknown,33.33
8119.30,MSg0 MSg342,unknown,unknown,1,False,R-L,unknown,0.0
8120.0,MSg391 MSg57 MSg402 MSg123 MSg86 MSg15,unknown,unknown,1,False,R-L,unknown,16.67
8121.1,MSg326,unknown,unknown,1,False,R-L,unknown,0.0
8121.2,MSg326,unknown,unknown,1,False,R-L,unknown,0.0
8122.0,MSg267 MSg99 MSg102 MSg162,unknown,unknown,1,False,R-L,unknown,0.0
8201.0,MSg249 MSg167 MSg342 MSg176,unknown,unknown,1,False,R-L,unknown,0.0
8202.0,MSg328 MSg53 MSg342,unknown,unknown,1,False,R-L,unknown,0.0
8204.0,MSg245 MSg342,unknown,unknown,1,False,R-L,unknown,0.0
8205.0,MSg048 MSg342,unknown,unknown,1,False,R-L,unknown,50.0
8206.0,MSg0 MSg174 MSg342,unknown,unknown,1,False,R-L,unknown,0.0
8207.0,MSg086 MSg47 MSg0,unknown,unknown,1,False,R-L,unknown,33.33
8208.0,MSg0 MSg342 MSg176,unknown,unknown,1,False,R-L,unknown,0.0
8209.0,MSg47,unknown,unknown,1,False,R-L,unknown,0.0
8210.0,MSg214 MSg87 MSg059 MSg0,unknown,unknown,1,False,R-L,unknown,25.0
8211.0,MSg059,unknown,unknown,1,False,R-L,unknown,100.0
8212.0,MSg344 MSg216,unknown,unknown,1,False,R-L,unknown,0.0
8213.0,MSg102 MSg169,unknown,unknown,1,False,R-L,unknown,0.0
8214.0,MSg269,unknown,unknown,1,False,R-L,unknown,0.0
8215.0,MSg121 MSg342 MSg176,unknown,unknown,1,False,R-L,unknown,0.0
8216.0,MSg0 MSg342,unknown,unknown,1,False,R-L,unknown,0.0
8217.0,MSg0 MSg342 MSg1,unknown,unknown,1,False,R-L,unknown,0.0
8218.0,MSg48 MSg342,unknown,unknown,1,False,R-L,unknown,0.0
8219.0,MSg216 MSg123 MSg98 MSg65 MSg0,unknown,unknown,1,False,R-L,unknown,0.0
8220.0,MSg89 MSg375 MSg162,unknown,unknown,1,False,R-L,unknown,0.0
8221.0,MSg0 MSg087 MSg211 MSg72 MSg102 MSg0,unknown,unknown,1,False,R-L,unknown,16.67
8301.10,MSg267 MSg236 MSg0,unknown,unknown,1,False,R-L,unknown,0.0
8301.20,MSg106,unknown,unknown,1,False,R-L,unknown,0.0
8302.10,MSg267 MSg99 MSg67 MSg342 MSg1,unknown,unknown,1,False,R-L,unknown,20.0
8302.20,MSg313,unknown,unknown,1,False,R-L,unknown,0.0
9001.0,MSg267 MSg99 MSg72 MSg387 MSg342,unknown,unknown,1,False,R-L,unknown,0.0
9011.0,MSg28 MSg249 MSg162 MSg99 MSg65 MSg340 MSg41 MSg245 MSg347 MSg342,unknown,unknown,1,False,R-L,unknown,0.0
9021.10,MSg171 MSg60 MSg176,unknown,unknown,1,False,R-L,unknown,0.0
9022.10,MSg65 MSg87 MSg284 MSg342,unknown,unknown,1,False,R-L,unknown,0.0
9022.20,MSg112 MSg194 MSg342,unknown,unknown,1,False,R-L,unknown,0.0
9022.30,MSg0 MSg180,unknown,unknown,1,False,R-L,unknown,0.0
9031.0,MSg65,unknown,unknown,1,False,R-L,unknown,0.0
9041.0,MSg017 MSg293 MSg249 MSg024,unknown,unknown,1,False,R-L,unknown,50.0
9042.0,MSg146,unknown,unknown,1,False,R-L,unknown,0.0
9051.0,MSg89 MSg32 MSg86 MSg261 MSg343 MSg87 MSg59 MSg0,unknown,unknown,1,False,R-L,unknown,0.0
9061.0,MSg112 MSg169,unknown,unknown,1,False,R-L,unknown,0.0
9062.0,MSg112 MSg169,unknown,unknown,1,False,R-L,unknown,0.0
9063.0,MSg112 MSg169,unknown,unknown,1,False,R-L,unknown,0.0
9071.0,MSg267 MSg99 MSg98 MSg67 MSg72 MSg182 MSg293 MSg342,unknown,unknown,1,False,R-L,unknown,0.0
9073.0,MSg328 MSg307 MSg99 MSg87 MSg166,unknown,unknown,1,False,R-L,unknown,20.0
9084.0,MSg173 MSg59 MSg0,unknown,unknown,1,False,R-L,unknown,0.0
9085.0,MSg153 MSg263 MSg0,unknown,unknown,1,False,R-L,unknown,33.33
9091.0,MSg391 MSg28 MSg162 MSg99 MSg104 MSg162,unknown,unknown,1,False,R-L,unknown,0.0
9092.1,MSg343 MSg387 MSg162 MSg123 MSg342,unknown,unknown,1,False,R-L,unknown,0.0
9092.2,MSg219,unknown,unknown,1,False,R-L,unknown,0.0
9093.0,MSg343 MSg261 MSg0,unknown,unknown,1,False,R-L,unknown,33.33
9094.0,MSg391,unknown,unknown,1,False,R-L,unknown,0.0
9095.0,MSg343 MSg0,unknown,unknown,1,False,R-L,unknown,0.0
9101.0,MSg365 MSg216 MSg342 MSg414 MSg59,unknown,unknown,1,False,R-L,unknown,0.0
9102.0,MSg365 MSg111 MSg342,unknown,unknown,1,False,R-L,unknown,0.0
9103.0,MSg213,unknown,unknown,1,False,R-L,unknown,0.0
9104.0,MSg204 MSg169 MSg127,unknown,unknown,1,False,R-L,unknown,66.67
9111.0,MSg336 MSg307 MSg123 MSg48 MSg342 MSg226 MSg254,unknown,unknown,1,False,R-L,unknown,0.0
9121.0,MSg267 MSg99 MSg86 MSg325 MSg12,unknown,unknown,1,False,R-L,unknown,0.0
9201.0,MSg43 MSg180 MSg99 MSg66,unknown,unknown,1,False,R-L,unknown,0.0
9202.0,MSg267 MSg99,unknown,unknown,1,False,R-L,unknown,0.0
9203.0,MSg267 MSg99,unknown,unknown,1,False,R-L,unknown,0.0
9204.1,MSg110,unknown,unknown,1,False,R-L,unknown,0.0
9204.2,MSg162,unknown,unknown,1,False,R-L,unknown,0.0
9205.0,MSg150 MSg123 MSg102 MSg190,unknown,unknown,1,False,R-L,unknown,0.0
9211.0,MSg287 MSg136 MSg323 MSg287 MSg15 MSg176 MSg1 MSg303,unknown,unknown,1,False,R-L,unknown,12.5
9221.0,MSg175 MSg180 MSg400,unknown,unknown,1,False,R-L,unknown,0.0
9701.10,MSg0 MSg336 MSg89 MSg18 MSg211 MSg178 MSg387 MSg0,unknown,unknown,1,False,R-L,unknown,25.0
9701.20,MSg0 MSg53 MSg70 MSg216 MSg254,unknown,unknown,1,False,R-L,unknown,0.0
9701.30,MSg0 MSg121 MSg51 MSg130 MSg149 MSg0,unknown,unknown,1,False,R-L,unknown,16.67
9801.0,MSg173 MSg10 MSg97 MSg121 MSg185 MSg97 MSg297 MSg57,unknown,unknown,1,False,R-L,unknown,0.0
9811.0,MSg29 MSg336 MSg99 MSg104 MSg162,unknown,unknown,1,False,R-L,unknown,0.0
9821.0,MSg0 MSg67 MSg244 MSg342,unknown,unknown,1,False,R-L,unknown,0.0
9822.0,MSg173 MSg403 MSg123 MSg102 MSg59 MSg249 MSg162 MSg342,unknown,unknown,1,False,R-L,unknown,0.0
9832.0,MSg254 MSg74 MSg297 MSg184 MSg3,unknown,unknown,1,False,R-L,unknown,0.0
9833.0,MSg0 MSg1 MSg0 MSg157 MSg97 MSg0,unknown,unknown,1,False,R-L,unknown,0.0
9834.0,MSg0 MSg75 MSg0,unknown,unknown,1,False,R-L,unknown,0.0
9842.0,MSg175 MSg12 MSg182,unknown,unknown,1,False,R-L,unknown,66.67
9845.1,MSg175 MSg1 MSg0 MSg059 MSg51,unknown,unknown,1,False,R-L,unknown,20.0
9845.2,MSg374,unknown,unknown,1,False,R-L,unknown,0.0
9846.0,MSg171 MSg387 MSg97 MSg341 MSg107,unknown,unknown,1,False,R-L,unknown,0.0
9851.0,MSg327 MSg128 MSg162 MSg48 MSg15,unknown,unknown,1,False,R-L,unknown,20.0
9852.0,MSg51 MSg103 MSg345 MSg307 MSg342,unknown,unknown,1,False,R-L,unknown,20.0
9901.0,MSg178 MSg53 MSg97 MSg342 MSg342,unknown,unknown,1,False,R-L,unknown,0.0
9902.0,MSg065 MSg1 MSg1 MSg245 MSg245,unknown,unknown,1,False,R-L,unknown,20.0
9903.0,MSg018 MSg102 MSg59 MSg98 MSg294 MSg134 MSg89,unknown,unknown,1,False,R-L,unknown,28.57
9904.0,MSg11 MSg326 MSg21 MSg21 MSg153,unknown,unknown,1,False,R-L,unknown,0.0
9905.0,MSg59 MSg59 MSg167,unknown,unknown,1,False,R-L,unknown,0.0
